Sentence,Acronym,Resolution
"The HR team is responsible for recruitment, training and employee relations.",[HR],[Human Resources]
"Reporting to the HR Director, the HR Manager will be responsible for the overall HR department.",[HR],[Human Resources]
We need to ensure we continue to stay compliant with the latest HR regulations.,[HR],[Human Resources]
Our HR department has taken steps to introduce wellbeing initiatives for employees.,[HR],[Human Resources]
The HR manager is leading a series of stakeholder workshops to discuss the upcoming changes.,[HR],[Human Resources]
Our HR team's been completely overwhelmed with developing and monitoring KPIs for the workforce development program.,"[HR, KPI]","[Human Resources, Key Performance Indicator]"
We are now tracking KPI performance data to measure employee productivity.,[KPI],[Key Performance Indicator]
We must ensure that employees understand their individual KPI goals in order to maximize performance.,[KPI],[Key Performance Indicator]
"By using KPI analysis, we can identify high-potential employees for succession planning and development",[KPI],[Key Performance Indicator]
KPI analysis is the key to understanding employee engagement and job satisfaction levels.,[KPI],[Key Performance Indicator]
Our PMS system keeps track of all employee leave records and entitlements.,[PMS],[Performance Management System]
The HR team is in regular communication with payroll to ensure PMS information is accurate and up to date.,"[HR, PMS]","[Human Resources, Performance Management System]"
HR processes employee benefits through the PMS system during new hire onboarding.,"[HR, PMS]",[Performance Management System]
Our PMS software helps HR automate numerous processes such as annual leave and salary reviews.,"[PMS, HR]","[Performance Management System, Human Resources]"
HR is responsible for conveying pay increases and deductions through the PMS system.,"[HR, PMS]","[Human Resources, Performance Management System]"
Our L&D team has used innovative e-learning techniques to ensure all our employees understand their roles and responsibilities well.,[L&D],[Learning and Development]
Regular seminars conducted by L&D help create a feeling of professional satisfaction and success among our employees.,[L&D],[Learning and Development]
We organize L&D workshops focused on stress management and time management strategies to enhance employees’ work-life balance.,[L&D],[Learning and Development]
All staff must complete an orientation program provided by L&D to ensure they are aware of the challenges and opportunities presented by the organization.,[L&D],[Learning and Development]
"Our L&D team ensures that all the staff is regularly updated on changes in policies, procedures, and industry trends.",[L&D],[Learning and Development]
SHRM plays an important role in ensuring compliance of international labor laws.,[SHRM],[Society for Human Resource Management]
Managers must stay up-to-date on SHRM best practices to ensure their HR team is performing optimally.,"[SHRM, HR]","[Society for Human Resource Management, Human Resources]"
SHRM policies should be reviewed every year to ensure they are still in line with the organization's objectives.,[SHRM],[Society for Human Resource Management]
HR professionals must create a comprehensive SHRM program which addresses all areas of employee relations.,"[HR, SHRM]","[Human Resources, Society for Human Resource Management]"
SHRM provides resources to employers to help them address workplace issues like bullying and harassment.,[SHRM],[Society for Human Resource Management]
Our organization values the importance of giving employees a platform to express their feedback through OD sessions.,[OD],[Organizational Development]
The HR team has been ensuring that all OD interventions are done properly as per the pre-decided plan.,"[HR, OD]","[Human Resources, Organizational Development]"
We have identified the key areas of improvement through the OD intervention and are looking into ways to address them.,[OD],[Organizational Development]
We are in the process of conducting OD workshops to help employees develop their skills and enhance their knowledge.,[OD],[Organizational Development]
Companies are exploring opportunities to leverage BPO to automate employees' benefits tracking and administration.,[BPO],[Business Process Outsourcing]
Many organisations have found that working with a BPO provider can help reduce costs and improve efficiency in HR operations.,"[BPO, HR]","[Business Process Outsourcing, Human Resources]"
"To improve hiring processes, HR departments are turning to BPO services to lower recruitment costs.","[HR, BPO]","[Human Resources, Business Process Outsourcing]"
BPO services are becoming an increasingly popular choice for HR departments needing to manage large-scale pay-rolls.,"[BPO, HR]","[Business Process Outsourcing, Human Resources]"
Streamlining payroll-related processes is another area where BPO services can benefit HR departments.,"[BPO, HR]","[Business Process Outsourcing, Human Resources]"
The company is happy to offer the EAP to provide mental health and well-being services to all its employees.,[EAP],[Employee Assistance Program]
"Our EAP counselors can provide support services like financial guidance, stress management and relationship counseling to all our staff.",[EAP],[Employee Assistance Program]
We can leverage our EAP for proactive measures like preventive wellness programs to foster a healthy work-life balance.,[EAP],[Employee Assistance Program]
"Staff can refer their colleagues to the EAP for help in difficult times such as during divorce proceedings, bereavement or recovery from an addiction.",[EAP],[Employee Assistance Program]
The HR team is available to answer questions about the EAP and its services.,"[HR, EAP]","[Human Resources, Employee Assistance Program]"
"To promote overall wellbeing, the organization encourages all employees to take advantage of the resources provided by the Employee Assistance Program (EAP).",[EAP],[Employee Assistance Program]
Our Company has implemented a Comprehensive ERG to ensure a diverse work force.,[ERG],[Employee Resource Group]
Our executives have organized ERG meetings to review the progress of strategies and policies related to recruitment and retention.,[ERG],[Employee Resource Group]
The success of our ERG initiatives will be measured by increased engagement and better diversity outcomes.,[ERG],[Employee Resource Group]
We strive to create an environment inclusive of all employees through the active participation of our ERG cultures.,[ERG],[Employee Resource Group]
"As an organisation, we need to ensure that our ERG practices reflect our commitment to diversity and inclusion in our workforce.",[ERG],[Employee Resource Group]
DEI is essential to create an equitable and inclusive workplace in the HR domain.,"[DEI, HR]","[""Diversity, Equity, and Inclusion"", Human Resources]"
"A DEI-focused HR team should proactively look at unevenness, biases and discrimination in the workplace.","[DEI, HR]","[""Diversity, Equity, and Inclusion"", Human Resources]"
HR professionals should understand the importance of DEI and the various ways to integrate it into their practice.,"[HR, DEI]","[Human Resources, ""Diversity, Equity, and Inclusion""]"
We should prioritize DEI in their process of hiring and performance management to create a diverse and equitable workforce.,[DEI],"[Diversity, Equity, and Inclusion]"
The DEI framework should be reviewed regularly to make sure they are staying up-to-date with the latest tactics to foster inclusion.,[DEI],"[Diversity, Equity, and Inclusion]"
The ATS system has been configured to track employee sign-in and sign-out times.,[ATS],[Applicant Tracking System]
Our HR department has recently integrated the ATS to manage our recruitment process.,"[HR, ATS]","[Human Resources, Applicant Tracking System]"
Applicants must complete the ATS assessment as part of the hiring procedure.,[ATS],[Applicant Tracking System]
Our ATS platform is designed to store employee records securely.,[ATS],[Applicant Tracking System]
We are using ATS technology to streamline the onboarding process.,[ATS],[Applicant Tracking System]
All hire requisitions should be processed through our ATS system.,[ATS],[Applicant Tracking System]
The C&B department will be reviewing the salaries of new hires to ensure fair compensation.,[C&B],[Compensation and Benefits]
The company is considering implementing a comprehensive C&B benefits package for all employees.,[C&B],[Compensation and Benefits]
Our C&B team is closely monitoring the changing industry standards for wages and salaries.,[C&B],[Compensation and Benefits]
Our C&B procedures allow employees to receive bonus payments when they exceed certain milestones or performance objectives.,[C&B],[Compensation and Benefits]
Our comprehensive C&B program allows us to remain competitive in the industry and attract top talent.,[C&B],[Compensation and Benefits]
"Jill, a recent JD hire, has quickly become an invaluable asset to her HR team.","[JD, HR]","[Job Description, Human Resources]"
"If you have any questions about the JD guidelines, please refer to the manual.",[JD],[Job Description]
A successful JD candidate will possess a combination of knowledge and skills that our team is looking for.,[JD],[Job Description]
"As part of the JD process, all new hires must register with the HR department.","[JD, HR]","[Job Description, Human Resources]"
We are planning to offer two days of PTO to our employees for the upcoming month.,[PTO],[Paid Time Off]
All unused PTO from this month will be automatically rolled over to next month.,[PTO],[Paid Time Off]
The PTO policy will be reviewed every six months to ensure appropriate use and prevent ove ruse.,[PTO],[Paid Time Off]
Employees who have completed more than three years of service will be eligible for additional days of PTO.,[PTO],[Paid Time Off]
All employees must book their PTO in advance and get approval from their managers.,[PTO],[Paid Time Off]
We want to ensure that all employees are taking their annual leave as part of our PTO policy.,[PTO],[Paid Time Off]
It is essential for employers to comply with the requirements of the FMLA.,[FMLA],[Family and Medical Leave Act]
Employees are eligible for up to 12 weeks of job-protected leave under the FMLA.,[FMLA],[Family and Medical Leave Act]
All employers with 50 or more workers are covered by the FMLA.,[FMLA],[Family and Medical Leave Act]
Employees are entitled to return to the same or an equivalent job at the conclusion of FMLA leave.,[FMLA],[Family and Medical Leave Act]
"FMLA rules regarding job protection, paid and unpaid leave, health benefits, and job restoration rights are all enforced by the Department of Labor.",[FMLA],[Family and Medical Leave Act]
Employers need to be mindful of the obligations imposed by the FMLA when dealing with an employee's leave request.,[FMLA],[Family and Medical Leave Act]
SPHR certification has provided me with a greater awareness of HR policies and best practices.,"[SPHR, HR]","[Senior Professional in Human Resources, Human Resources]"
Our organization has invested in our employees by ensuring that each of our leaders hold SPHR certificates.,[SPHR],[Senior Professional in Human Resources]
Successful completion of the SPHR exam offers a valuable asset to a professional's resume.,[SPHR],[Senior Professional in Human Resources]
The new recruit comes to us with a SPHR certification which is an excellent addition to our HR team.,"[SPHR, HR]","[Senior Professional in Human Resources, Human Resources]"
The SPHR credential will demonstrate the individual's expertise in the HR field and provide distinction among their peers.,"[SPHR, HR]","[Senior Professional in Human Resources, Human Resources]"
The PHR is responsible for maintaining and updating employee information.,[PHR],[Professional in Human Resources]
We plan to launch a comprehensive PHR system in the near future to track personnel data.,[PHR],[Professional in Human Resources]
The HR department is developing a new PHR system to handle a variety of employee requests.,"[HR, PHR]","[Human Resources, Professional in Human Resources]"
"By leveraging the capabilities of the PHR, we can optimize our employee management.",[PHR],[Professional in Human Resources]
The PHR system provides access to relevant documents and records to make valuable changes to the workflow.,[PHR],[Professional in Human Resources]
The PHR dashboard provides an overview of employee performance and progress.,[PHR],[Professional in Human Resources]
T&D will be hosting a workshop to help employees sharpen their presentation skills.,[T&D],[Training and Development]
Talent & Development is introducing new courses and initiatives to enhance the quality of our workforce.,[T&D],[Training and Development]
Executives are invited to receive professional coaching from the T&D team.,[T&D],[Training and Development]
The HR team is ensuring that T&D resources are adequately allocated for each of our divisions.,[T&D],[Training and Development]
We are assessing the effectiveness of our T&D program through feedback from employees.,[T&D],[Training and Development]
T&D has made a significant contribution to improving employee satisfaction in the past year.,[T&D],[Training and Development]
HRIS is an essential tool for Human Resources to maintain accurate records for employee data.,[HRIS],[Human Resource Information System]
Our HRIS system closely tracks employee performance metrics ensuring better quality assurance.,[HRIS],[Human Resource Information System]
"With HRIS, our Human Resources team can quickly analyze labor trends and identify potential areas for improvement.",[HRIS],[Human Resource Information System]
HRIS has allowed our organization to significantly increase productivity and efficiency across our workforce.,[HRIS],[Human Resource Information System]
"Configuration of the HRIS platform allows us to capture essential employee details like contact numbers, demographics, and other information.",[HRIS],[Human Resource Information System]
HRMS systems provide automated workflow and online data collection to improve the productivity of Human Resource departments.,[HRMS],[Human Resource Management System]
HRMS offers a comprehensive set of features that enable easy and effective workforce management.,[HRMS],[Human Resource Management System]
"To ensure compliance with the latest standards and regulations, companies need an efficient and reliable HRMS.",[HRMS],[Human Resource Management System]
"HRMS allows Human Resources to efficiently track and manage employee information, such as time off, leave requests, and performance evaluations.",[HRMS],[Human Resource Management System]
HRMS can help to improve workforce productivity and quality of work by providing employees with better access to information and resources.,[HRMS],[Human Resource Management System]
An effective HRMS is essential for any organization that wishes to manage its human capital efficiently and cost-effectively.,[HRMS],[Human Resource Management System]
Our company has recently implemented an ESOP as a way to incentivize our employees and improve employee retention.,[ESOP],[Employee Stock Ownership Plan]
We have incorporated ESOP's into our HR strategy to promote loyalty and motivation from our employees.,"[ESOP, HR]","[Employee Stock Ownership Plan, Human Resources]"
"To increase employee engagement, we have introduced an ESOP program that allows employees to receive substantial financial benefits when the company succeeds.",[ESOP],[Employee Stock Ownership Plan]
We have made sure to include an ESOP element to our HR strategy that will allow our employees to take part in the company’s financial decisions.,"[ESOP, HR]","[Employee Stock Ownership Plan, Human Resources]"
We have developed a modernized ESOP package for our workers to ensure that they remain satisfied and focused on their career goals.,[ESOP],[Employee Stock Ownership Plan]
"By introducing an ESOP program, we are providing our workers with an opportunity to increase their equity stake in the company and have a say in the decisions that we make.",[ESOP],[Employee Stock Ownership Plan]
"With the help of a reliable RPO, companies can select the right candidates for the HR department with ease.","[POR, HR]","[Recruitment Process Outsourcing, Human Resources]"
The HR department has partnered with a RPO to ensure it is able to identify the right talent at the right time.,[RPO],[Recruitment Process Outsourcing]
Strategic Human Resources partners with a RPO to find and support great people who align with their values and culture.,[RPO],[Recruitment Process Outsourcing]
The RPO has enabled the HR department of the company to set up a successful recruitment process.,"[POR, HR]","[Recruitment Process Outsourcing, Human Resources]"
"By leveraging RPO, the Human Resources department created an effective system of screening and assessing potential employees.",[RPO],[Recruitment Process Outsourcing]
The RPO enabled the HR department to switch to a more automated recruitment process.,[RPO],[Recruitment Process Outsourcing]
TA plays a major role in the recruitment process in HR.,"[TA, HR]","[Talent Acquisition, Human Resources]"
HR should make sure that TA protocols are in place for their organisation.,[TA],[Talent Acquisition]
All employees should be trained in the TA process by HR.,"[TA, HR]","[Talent Acquisition, Human Resources]"
Human Resources should continuously assess the effectiveness of TA programs.,[TA],[Talent Acquisition]
TA should be monitored and evaluated on a regular basis.,[TA],[Talent Acquisition]
The HIPO model helps to identify the career growth paths of our high-potential employees.,[HIPO],[High Potential Employee]
HIPO individuals seek out challenges and have a great track record of successfully meeting their goals.,[HIPO],[High Potential Employee]
HIPO employees are increasingly sought after in the contemporary HR market.,"[HIPO, HR]","[High Potential Employee, Human Resources]"
The HIPO framework is essential in understanding how to deploy our talents to reap the maximum organizational benefits.,[HIPO],[High Potential Employee]
HIPO designations can give recognition to employees who have displayed leadership qualities in past roles.,[HIPO],[High Potential Employee]
Key roles in the organization are usually identified for HIPO employees to leverage their capabilities.,[HIPO],[High Potential Employee]
The Organization has implemented OJT as a part of the Human Resource initiative.,[OJT],[On-the-Job Training]
We encourage our new hires to learn the ropes of the job through the OJT program.,[OJT],[On-the-Job Training]
OJT is one of the most effective training methods in HR for developing its employees.,"[OJT, HR]","[On-the-Job Training, Human Resources]"
We appreciate the efforts taken by HR to spearhead our new OJT program.,"[HR, OJT]","[Human Resources, On-the-Job Training]"
The Human Resources Department has implemented OJT as one of the most cost-efficient methods to increase the skills and knowledge of existing employees.,[OJT],[On-the-Job Training]
The EE-performance evaluation process has had a significant effect on employee morale.,[EE],[Employee Engagement]
We have implemented a comprehensive EE training program to ensure our employees are properly educated and prepared.,[EE],[Employee Engagement]
EE Managers have noticed an increase in workplace engagement since implementing flexible working practices.,[EE],[Employee Engagement]
The EE department is offering a series of professional development courses to help employees reach their full potential.,[EE],[Employee Engagement]
We have recently upgraded our EE technology to better align with industry standards.,[EE],[Employee Engagement]
"ER managers should strive to maintain an accurate, detailed history of employee relations.",[ER],[Employee Relations]
We continuously review our ER policies to ensure a safe and productive work environment.,[ER],[Employee Relations]
Keeping a close eye on ER trends can lead to greater employee satisfaction and productivity.,[ER],[Employee Relations]
The ER environment has been improved drastically due to our Human Resources initiatives.,[ER],[Employee Relations]
Our ER team works to stay up to date on legal issues and regulations that could affect the business.,[ER],[Employee Relations]
"The organization is now placing emphasis on career development and employee engagement, and has implemented a comprehensive MBO program.",[MBO],[Management By Objectives]
MBO is an essential tool for effectively managing performance objectives and achieving desired business results.,[MBO],[Management By Objectives]
The MBO approach encourages both parties in the employment relationship – the employee and the employer – to interact and engage in a meaningful dialogue.,[MBO],[Management By Objectives]
Setting challenging yet achievable MBOs helps to ensure that employees remain motivated and engaged in their roles.,[MBO],[Management By Objectives]
The HR team conducted extensive research into MBO models and ultimately outlined the most suited program for our organization.,"[HR, MBO]","[Human Resources, Management By Objectives]"
Training was provided to managers to ensure the effective implementation and assessment of both individual and team MBO objectives.,[MBO],[Management By Objectives]
The HCM department is responsible for organizing the recruitment process in the company.,[HCM],[Human Capital Management]
We rely on HCM to identify key talent that will take our organization to the next level.,[HCM],[Human Capital Management]
Our HCM department is working to implement a performance management system that will align our teams and ensure long-term success.,[HCM],[Human Capital Management]
"Through HCM, we have access to essential data insights that help us make smarter decisions about personnel.",[HCM],[Human Capital Management]
HCM provides us with the means to accurately measure employee engagement and satisfaction.,[HCM],[Human Capital Management]
"With WFH becoming more popular in the long-term, our HR team has taken the initiative to review our remote work policies.",[WFH],[Work From Home]
Working from home can present unique challenges for HR teams to properly support and manage WFH employees.,[WFH],[Work From Home]
"WFH has become a common trend among our employees, and our HR team is considering what resources can be provided to ensure them work safely and effectively from home.","[WFH, HR]","[Work From Home, Human Resources]"
"HR representatives have received feedback from staff on stress and difficulties related to WFH, which we are actively seeking to improve.","[HR, WFH]","[Human Resources, Work From Home]"
Our Human Resources team is currently evaluating the pros and cons of WFH from the perspective of the organization as well as the individual.,[WFH],[Work From Home]
Increasing customer loyalty helps businesses to maximize their ROI.,[ROI],[Return on Investment]
Investigating the ROI of marketing campaigns can help to identify the most effective tactics for increasing sales.,[ROI],[Return on Investment]
Companies can measure the ROI of their investments in new technologies to determine whether they are profitable.,[ROI],[Return on Investment]
Businesses often look for investments that will deliver a higher ROI than alternative investments.,[ROI],[Return on Investment]
"With changes in technology, businesses are re-evaluating potential investments to ensure maximum Return on Investment (ROI).",[ROI],[Return on Investment]
The CFO approved a new accounting system to streamline the company’s accounts.,[CFO],[Chief Financial Officer]
The Board of Directors voted to appoint a new CFO to manage the financial stewardship of the organisation.,[CFO],[Chief Financial Officer]
The CFO presented a forecast of the company’s financial position for the coming year.,[CFO],[Chief Financial Officer]
"The higher the EBITDA, the greater the company's capacity to generate cash and pay down debt.",[EBITDA],"[""Earnings Before Interest, Taxes, Depreciation, and Amortization""]"
We forecasted that the EBITDA for Acme Corp would be $45 million in 2021.,[EBITDA],"[""Earnings Before Interest, Taxes, Depreciation, and Amortization""]"
The primary goal in analyzing EBITDA is to gain insight into a company's fundamental profitability.,[EBITDA],"[""Earnings Before Interest, Taxes, Depreciation, and Amortization""]"
"Management structure, taxes, and capital structure decisions can significantly affect EBITDA.",[EBITDA],"[""Earnings Before Interest, Taxes, Depreciation, and Amortization""]"
Financial analysts often use EBITDA in order to make sense of a company’s performance and compare it to industry standards.,[EBITDA],"[""Earnings Before Interest, Taxes, Depreciation, and Amortization""]"
Investment banks typically set the initial price of an IPO to maximize the return on investment for early buyers in the stock market.,[IPO],[Initial Public Offering]
The month of April saw many investments roll in as a result of the upcoming IPO of the XYZ Corporation.,[IPO],[Initial Public Offering]
Investors are offering a premium for pre-IPO offers on the stock of the newly-listed ABC Corporation.,[IPO],[Initial Public Offering]
A large funds group is looking to invest in a variety of IPOs prior to the opening of the stock market.,[IPO],[Initial Public Offering]
The Word Bank's estimated market value of the ABC Corporation's IPO WAS much higher than the initial offering amount.,[IPO],[Initial Public Offering]
The P&L statement revealed a dramatic increase in profits for the previous quarter.,[P&L],[Profit and Loss]
Consolidated P&L accounts demonstrate the overall profitability of a business.,[P&L],[Profit and Loss]
Seasonal fluctuations can be accurately mapped and predicted using historical P&L data.,[P&L],[Profit and Loss]
The P&L account should BE used to regularly assess the financial health of the business.,[P&L],[Profit and Loss]
Any adjustments to the P&L must be accurately and timely documented to reflect changes to financial performance.,[P&L],[Profit and Loss]
Our CAPEX budget WAS drastically reduced this fiscal year.,[CAPEX],[Capital Expenditure]
"Looking at the CAPEX projections for the next five years, we were able to make an informed investment decision.",[CAPEX],[Capital Expenditure]
"Since growth requires larger CAPEX investments, our company needs to be strategic when allocating funds.",[CAPEX],[Capital Expenditure]
Company XYZ saw unprecedented success this year due to a focused and well-executed CAPEX.,[CAPEX],[Capital Expenditure]
Analyzing the CAPEX reports we found that our total expenses increased by 40%.,[CAPEX],[Capital Expenditure]
We have to maintain strict FIFO while processing capital withdrawals from the retirement fund.,[FIFO],"[""First In, First Out""]"
Accounting requires us to recognize sales and purchases on a FIFO basis for audit purposes.,[FIFO],"[""First In, First Out""]"
Financial auditors ensure budget compliance and that the FIFO rule of accounting is properly followed.,[FIFO],"[""First In, First Out""]"
FIFO protocol should be followed for calculating costs of goods as it reflects inflationary cost.,[FIFO],"[""First In, First Out""]"
Taxation systems generally use the FIFO approach to calculate profit margins for businesses.,[FIFO],"[""First In, First Out""]"
The LIFO accounting method is more beneficial during times of inflation.,[LIFO],"[""Last In, First Out""]"
LIFO CAN be used to smooth out pricing fluctuations and minimize costs of goods.,[LIFO],"[""Last In, First Out""]"
The ability to use LIFO may depend heavily on specific industry regulations.,[LIFO],"[""Last In, First Out""]"
LIFO’s contribution to the 2008 financial crisis was heavily debated amongst analysts.,[LIFO],"[""Last In, First Out""]"
Reporting taxes and inventory under the LIFO method may have drastic implications for an organization's bottom line.,[LIFO],"[""Last In, First Out""]"
ROA is an important metric that helps investors measure the profit efficiency of their investments.,[ROA],[Return on Assets]
ROA can be calculated by simply dividing the net profits of a business by its total assets.,[ROA],[Return on Assets]
"The higher the ROA, the more returns for the shareholders.",[ROA],[Return on Assets]
Our quarterly ROA has been increasing steadily which is great news.,[ROA],[Return on Assets]
A low ROA generally means the company is not utilizing its assets accordingly.,[ROA],[Return on Assets]
ROE is widely used by investors to evaluate a company’s financial health and efficiency as compared to its competitors.,[ROE],[Return on Equity]
"The higher the ROE, the higher the rate of return on invested capital.",[ROE],[Return on Equity]
ROE can be a valuable indicator in making investment decisions and providing insight into a company’s financial performance.,[ROE],[Return on Equity]
The expected rate of return required by investors should always be higher than the ROE of a company.,[ROE],[Return on Equity]
Investment strategies that emphasize a combination of return on equity and debt capacity will help improve a company’s ROE.,[ROE],[Return on Equity]
The CAGR of the mutual fund was 20% over a five year period.,[CAGR],[Compound Annual Growth Rate]
We expect our investment to generate a CAGR of 15% over the long-term.,[CAGR],[Compound Annual Growth Rate]
The stock achieved a CAGR of 12% over the past two years.,[CAGR],[Compound Annual Growth Rate]
The CAGR of the index was 7% in the last financial year.,[CAGR],[Compound Annual Growth Rate]
His portfolio delivered a CAGR of 11% in the last six months.,[CAGR],[Compound Annual Growth Rate]
FCF can help analyze the cashflow position of a company and can be an important tool for financial projections.,[FCF],[Free Cash Flow]
Analyzing FCF is critical in order to increase operational efficiency and liquidity.,[FCF],[Free Cash Flow]
FCF is a key indicator for corporate finance professionals evaluating potential investments.,[FCF],[Free Cash Flow]
FCF is considered an important component to a company's balance sheet.,[FCF],[Free Cash Flow]
"FCF helps demonstrates the ability of a company to generate cash internally, independent of external financing.",[FCF],[Free Cash Flow]
The team estimated that the IRR of the stock will be between 16–20% every year.,[IRR],[Internal Rate of Return]
"The IRR of the bond was below the expected level, resulting in a decrease in the investment.",[IRR],[Internal Rate of Return]
The equity IRR proved to be a primary driver for the company's financial success.,[IRR],[Internal Rate of Return]
The benchmark IRR for our investments was set by the CFO at 15%.,"[IRR, CFO]","[Internal Rate of Return, Chief Financial Officer]"
The company is aiming to achieve an IRR of 20% by applying new measures to maximize profits.,[IRR],[Internal Rate of Return]
The EPS of the stock has been increasing steadily since the company's release of its quarterly results.,[EPS],[Earnings Per Share]
Analysts have predicted a higher EPS for the upcoming quarter.,[EPS],[Earnings Per Share]
The board of directors has proposed an adjusted EPS target for the new financial year.,[EPS],[Earnings Per Share]
The company's EPS will be affected significantly due to the current market trends.,[EPS],[Earnings Per Share]
PE investments have been increasing rapidly in the past few years due to innovative business strategies.,[PE],[Price-to-Earnings Ratio]
"With increased PE investments, we anticipate a surge in the capital markets.",[PE],[Price-to-Earnings Ratio]
"Some PE firms are taking advantage of the market downturns, buying distressed assets at discounted values.",[PE],[Price-to-Earnings Ratio]
PE investments help to finance small companies with growth potential.,[PE],[Price-to-Earnings Ratio]
PE funds are expected to continue to play a major role in financing mergers and acquisitions.,[PE],[Price-to-Earnings Ratio]
Hedge funds have to be compliant with the AP regulations to avoid penalties.,[AP],[Accounts Payable]
Banks should ensure that their employees follow the AP rules when monitoring financial transactions.,[AP],[Accounts Payable]
Professional traders rely on AP to execute successful trades to make a profit.,[AP],[Accounts Payable]
All financial institutions should maintain safekeeping of all documentation related to AP.,[AP],[Accounts Payable]
AR financing has become an increasingly popular way to access capital for companies in recent years.,[AR],[Accounts Receivable]
AR solutions are becoming more and more common for companies looking to stay ahead in the competitive finance market.,[AR],[Accounts Receivable]
AR products can help leverage existing assets to reduce the risks associated with financing.,[AR],[Accounts Receivable]
AR services are becoming increasingly popular among businesses who want fast access to cash without taking on too much risk.,[AR],[Accounts Receivable]
We need to complete the TVM calculations to accurately determine the company's growth rate.,[TVM],[Time Value of Money]
The TVM formula is used to calculate the future value of an investment.,[TVM],[Time Value of Money]
The TVM module of our financial software helps you analyse the impact of inflation on your investments.,[TVM],[Time Value of Money]
I'm using the TVM calculator to determine how long it will take to reach my financial goal.,[TVM],[Time Value of Money]
Hedge funds are increasingly pursuing strategies involving ETFs due to the liquidity and cost-effectiveness they offer.,[ETF],[Exchange-Traded Fund]
"The ETF market is a quickly-growing segment of the financial industry, with new products launching every day to meet investors' needs.",[ETF],[Exchange-Traded Fund]
ETF issuers use derivative instruments to track the prices of the underlying assets and replicate their performance.,[ETF],[Exchange-Traded Fund]
"Both passive and active ETFs provide access to a range of underlying securities, including commodities, stocks, and government and corporate bonds.",[ETF],[Exchange-Traded Fund]
Financing for M&A deals is becoming increasingly important in order to reach targeted goals.,[M&A],[Mergers and Acquisitions]
M&A’s have become increasingly instrumental in consolidating the telecommunications industry.,[M&A],[Mergers and Acquisitions]
Large mergers involving mature companies have become a common phenomenon in global markets due to M&A activity.,[M&A],[Mergers and Acquisitions]
Technology and media companies are investing heavily in M&A activity to remain competitive in the market.,[M&A],[Mergers and Acquisitions]
The NAV of the mutual fund is expected to rise in the coming quarter.,[NAV],[Net Asset Value]
The company earned a 2.5% return on NAV.,[NAV],[Net Asset Value]
Brokers advise their clients to regularly analyze the NAV of their investments.,[NAV],[Net Asset Value]
Investors should track the NAV of their funds frequently to maximize returns.,[NAV],[Net Asset Value]
We're now seeing an upward trend in the P/E ratio of these stocks.,[P/E],[Price-to-Earnings Ratio]
The investors are assessing the P/E ratio of the firm before purchasing the stocks.,[P/E],[Price-to-Earnings Ratio]
Evaluation of the P/E ratio is an important part of the industry analysis.,[P/E],[Price-to-Earnings Ratio]
The P/E ratio of these stocks have gone up after their quarterly results.,[P/E],[Price-to-Earnings Ratio]
The introduction of VAT has led to a significant decrease in the taxable income of many companies.,[VAT],[Value Added Tax]
Many businesses are required to file a VAT return each tax period to declare all relevant transactions involving VAT.,[VAT],[Value Added Tax]
Investment decisions can be greatly impacted by changes to the existing legislation on VAT.,[VAT],[Value Added Tax]
The accountants of our company are responsible for ensuring that all transactions involving VAT are properly recorded for tax purposes.,[VAT],[Value Added Tax]
The Weighted Average Cost of Capital (WACC) is a tool to measure a company's return compared to its investment.,[WACC],[Weighted Average Cost of Capital]
The WACC is an important factor for investors as it allows them to predict what rate of return they can expect from a particular investment.,[WACC],[Weighted Average Cost of Capital]
It is essential that businesses accurately calculate WACC in order to establish an appropriate cost of capital when considering different capital projects.,[WACC],[Weighted Average Cost of Capital]
The rate of return that companies require to justify investing in a project is partially determined by the WACC.,[WACC],[Weighted Average Cost of Capital]
YOY revenue growth for our financial firm dropped 1% in Q2 of 2020.,[YOY],[Year Over Year]
Analyzing the YOY changes in equity prices shed light on where the market is headed.,[YOY],[Year Over Year]
The YOY performance of the tech sector has outpaced all other markets this year.,[YOY],[Year Over Year]
Analyzing the YOY inflation rate as compared to the GDP gives us a better idea of the state of the economy.,[YOY],[Year Over Year]
Our clients are particularly interested in YOY changes in bond yields.,[YOY],[Year Over Year]
"The FOMC meets eight times a year to assess the economic outlook and to decide whether to raise, lower, or leave unchanged the interest rates.",[FOMC],[Federal Open Market Committee]
The FOMC approved a modest quarter-percentage-point cut in the target range of the federal funds rate.,[FOMC],[Federal Open Market Committee]
The FOMC's minutes provide a more detailed account of the central bank's decisions than the statements it typically releases after its meetings.,[FOMC],[Federal Open Market Committee]
The SEC revised the corporate finance disclosure rules to prevent fraud.,[SEC],[Securities and Exchange Commission]
Several prominent companies are being investigated by the SEC for potential insider trading.,[SEC],[Securities and Exchange Commission]
The SEC launched a new online tool to help investors assess the risks of their portfolio investments.,[SEC],[Securities and Exchange Commission]
A group of securities analysts are working closely with the SEC to analyze the impact of recent stock market volatility.,[SEC],[Securities and Exchange Commission]
SME's are a big part of the financial system and are encouraged to seek financial advice to further their business.,[SME],[Small and Medium-sized Enterprises]
The SME Fund provides access to funds that SMEs enterprises would otherwise not have access to.,[SME],[Small and Medium-sized Enterprises]
"To encourage more SME development, tax exemptions are being offered to select SMEs with proven track record.",[SME],[Small and Medium-sized Enterprises]
"To increase their financial competitiveness, SMEs are advised to take advantage of the various loan and financing options available to them.",[SME],[Small and Medium-sized Enterprises]
A good SEO strategy is imperative for improving visibility and organic search traffic.,[SEO],[Search Engine Optimization]
SEO is an invaluable component of any digital marketing strategy.,[SEO],[Search Engine Optimization]
Our team of experts can help you develop an effective SEO plan to boost your rankings.,[SEO],[Search Engine Optimization]
Writing content with targeted keywords can help improve your site's SEO.,[SEO],[Search Engine Optimization]
The SEM team found that increasing their website traffic by 8% led to a substantial increase in sales.,[SEM],[Search Engine Marketing]
Our SEM strategy focuses on both organic and inorganic search traffic to drive conversions.,[SEM],[Search Engine Marketing]
We have implemented competitor analysis to leverage against their SEM strategies effectively.,[SEM],[Search Engine Marketing]
"Recently, the SEM campaign has helped to capture more of the target market.",[SEM],[Search Engine Marketing]
Companies are relying more and more on SEO to manage their SEM campaigns.,"[SEO, SEM]","[Search Engine Optimization, Search Engine Marketing]"
We need to implement a multi-channel approach to SEM to maximize conversions and ensure ROI.,"[SEM, ROI]","[Search Engine Marketing, Return on Investment]"
Our company is focusing on PPC campaigns to reach more customers in the current market.,[PPC],[Pay-Per-Click]
"Through the implementation of a PPC strategy, we are aiming to increase the traffic to our website.",[PPC],[Pay-Per-Click]
We need to refine our PPC keywords to ensure that we are targeting the right audience.,[PPC],[Pay-Per-Click]
We have to find the right balance between organic and PPC to get optimum ROI.,"[PPC, ROI]","[Pay-Per-Click, Return on Investment]"
Our team is scrutinizing the performance of every PPC ad to understand our customers better.,[PPC],[Pay-Per-Click]
CTR has become a vital metric for analytics practitioners and marketers to track the effectiveness of their campaigns.,[CTR],[Click-Through Rate]
Our CTR has increased almost 30% since implementing the new marketing strategy.,[CTR],[Click-Through Rate]
"According to our analysis, our recent PPC campaign resulted in a significantly higher CTR than expected.","[PPR, CTR]","[Pay-Per-Click, Click-Through Rate]"
CTR is an important factor to consider when optimizing display ads for maximum reach.,[CTR],[Click-Through Rate]
Our company is re-shaping CRM strategy to better target our customers.,[CRM],[Customer Relationship Management]
We conducted an analysis of our CRM system to optimize our marketing strategies.,[CRM],[Customer Relationship Management]
CRM tools boost customer engagement by collecting and analyzing valuable customer data.,[CRM],[Customer Relationship Management]
Our CRM platform provides insights on customer preferences that helps drive our marketing decisions.,[CRM],[Customer Relationship Management]
Our B2B marketing strategy has helped us to increase our sales by 20%.,[B2B],[Business-to-Business]
Our marketing team is focusing on creating content to engage customers through different B2B channels.,[B2B],[Business-to-Business]
"In order to facilitate B2B sales, we are investing in professional networking platforms.",[B2B],[Business-to-Business]
We have invested heavily in social media campaigns to generate leads for our B2B customers.,[B2B],[Business-to-Business]
We are confident that OUR B2B marketing efforts will help us stay ahead of our competition.,[B2B],[Business-to-Business]
Leveraging insights from B2C campaigns can help inform strategies for engaging more customers.,[B2C],[Business-to-Consumer]
Many B2C companies use customer segmentation to better target their messaging.,[B2C],[Business-to-Consumer]
"By leveraging digital marketing strategies, B2C companies can drastically improve their customer acquisition rates and customer retention.",[B2C],[Business-to-Consumer]
B2C companies need to continually test their marketing techniques to make sure they are reaching the right segments and driving better outcomes.,[B2C],[Business-to-Consumer]
UGC is an essential part of the marketing mix as it helps to drive consumer engagement.,[UGC],[User-Generated Content]
"To leverage UGC, marketers must encourage their customers to contribute content.",[UGC],[User-Generated Content]
The quality and volume of UGC can be used to measure a campaign's success and gain customer insight.,[UGC],[User-Generated Content]
UGC can be used effectively in content marketing campaigns to increase brand visibility.,[UGC],[User-Generated Content]
Visual UGC such as images and videos can be used across multiple channels to amplify campaigns.,[UGC],[User-Generated Content]
Measuring the ROI of our marketing campaigns through KPIs is an essential part of our success.,"[ROI, KPI]","[Return on Investment, Key Performance Indicator]"
Tracking our email marketing KPIs is crucial to understanding the performance of our campaigns.,[KPI],[Key Performance Indicator]
KPIs can help us prioritize investment in marketing activities and allocate budgets accordingly.,[KPI],[Key Performance Indicator]
Analyzing our KPIs across different channels helps us to improve our overall customer experience.,[KPI],[Key Performance Indicator]
Comparing our KPIs to our competitors can help us find opportunities to strengthen our marketing strategy.,[KPI],[Key Performance Indicator]
"My marketing campaign yielded a high ROI, earning twice what I projected.",[ROI],[Return on Investment]
Increasing our digital presence is essential to generate more ROI for our company.,[ROI],[Return on Investment]
Surveying our target audience to assess the ROI of our campaigns is essential to revising our strategies.,[ROI],[Return on Investment]
Employing a variety of tactics enables us to track our ROI and determine our most profitable channels.,[ROI],[Return on Investment]
CPC is an important metric to analyze when analyzing marketing campaigns.,[CPC],[Cost Per Click]
CPC costs can be reduced by improving the effectiveness of keyword targeting.,[CPC],[Cost Per Click]
CPC is the most important factor when deciding which platform to advertise on.,[CPC],[Cost Per Click]
Optimizing landing pages for CPC campaigns can drive better results.,[CPC],[Cost Per Click]
Our marketing team made sure the implementation of the CPM strategy was met in order to drive maximum ROI.,"[COM, ROI]","[Cost Per Mille, Return on Investment]"
We updated our analytics platform to track the CPM performance of our campaigns.,[CPM],[Cost Per Mille]
"Based on our CPM analysis, we identified an opportunity to optimize the ad placements and increased our conversions.",[CPM],[Cost Per Mille]
Our CPM campaigns allowed us to target specific demographics and retarget them with higher frequency.,[CPM],[Cost Per Mille]
The team increased the CPM budget and improved the reach of the campaigns while maintaining the cost-effectiveness.,[CPM],[Cost Per Mille]
The latest CMS version provides powerful tools to customize the marketing campaigns.,[CMS],[Content Management System]
Utilizing a CMS to automate marketing tasks helps companies save time and resources.,[CMS],[Content Management System]
Adding a CTA to the end of your emails can help you drive more conversions.,[CTA],[Call to Action]
Increase website engagement by adding prominent CTAs on every page.,[CTA],[Call to Action]
Social media campaigns should include a compelling CTA to drive users to your website.,[CTA],[Call to Action]
Convert more users by using personalized CTAs with visitors’ data.,[CTA],[Call to Action]
Utilize CTAs in retargeting campaigns to compel users to complete desired actions.,[CTA],[Call to Action]
We used PR to launch our new product to great success.,[PR],[Public Relations]
Our marketing strategy includes a comprehensive PR plan.,[PR],[Public Relations]
We want to focus more on PR in order to increase awareness of our brand.,[PR],[Public Relations]
Developing an effective PR campaign is an integral part of our marketing strategy.,[PR],[Public Relations]
We've hired an experienced PR firm to increase the visibility of our brand.,[PR],[Public Relations]
Our SMM strategies have been driving up engagement and boosting our overall marketing efforts.,[SMM],[Social Media Marketing]
We are developing targeted content to engage users and optimize for maximum reach across our SMM platforms.,[SMM],[Social Media Marketing]
We are tracking key performance indicators to measure the ROI of our SMM campaigns.,"[ROI, SMM]","[Return on Investment, Social Media Marketing]"
Our SMM specialists have overseen a huge increase in brand awareness and website traffic.,[SMM],[Social Media Marketing]
SMEs are looking for innovative digital marketing solutions to better reach their customers.,[SME],[Subject Matter Expert]
We offer a variety of services to help SMEs increase their visibility on social media.,[SME],[Subject Matter Expert]
SMEs need to stay up to date on the latest marketing trends to remain competitive in the market.,[SME],[Subject Matter Expert]
Our firm developed an integrated marketing strategy for an SME to help them grow their business.,[SME],[Subject Matter Expert]
SMEs should focus on leveraging data-driven insights to inform their marketing decisions.,[SME],[Subject Matter Expert]
We can gain a competitive advantage if we ensure our UX stands out to our customers.,[UX],[User Experience]
The customer journey should be carefully designed to maximize UX.,[UX],[User Experience]
Our UX should be aligned with our branding and marketing strategies.,[UX],[User Experience]
We should sequences our marketing campaigns to create a holistic UX.,[UX],[User Experience]
Our marketing team is excited to leverage the newly designed UI to optimize our customer journey.,[UI],[User Interface]
A comprehensive UI has been developed to provide our marketing team with more efficient access to efficiently create campaigns.,[UI],[User Interface]
Prototyping for the new UI is underway to ensure maximum optimization of the marketing user experience.,[UI],[User Interface]
The UI of our customer-facing marketing tool has been tested and adjusted to improved usability and effectiveness.,[UI],[User Interface]
We are planning to use BR to reach a larger market segment.,[BR],[Bounce Rate]
Our key growth strategy is to leverage BR to enhance customer experience.,[BR],[Bounce Rate]
We are aiming to establish a strong BR-driven loyalty program with rewards.,[BR],[Bounce Rate]
Our research team is exploring ways to utilize BR technology to reduce cost and time to market.,[BR],[Bounce Rate]
We are leveraging BR to create an innovative mobile app for customers to engage with our brand.,[BR],[Bounce Rate]
Our CRO efforts have led to an increase in leads and conversions.,[CRO],[Conversion Rate Optimization]
"Based on our analytics, we've been able to substantially improve our website's CRO.",[CRO],[Conversion Rate Optimization]
We opted for a UX-driven approach to CRO for our website redesign.,[CRO],[Conversion Rate Optimization]
A/B testing has become an integral part of our CRO strategy.,[CRO],[Conversion Rate Optimization]
Our marketing team leverages CRO to optimize our webpage design and content.,[CRO],[Conversion Rate Optimization]
The CRO team is actively monitoring user data to determine what is and isn't working.,[CRO],[Conversion Rate Optimization]
Our goal is to identify and implement new approaches to CRO that drive customer engagement and conversions.,[CRO],[Conversion Rate Optimization]
Companies need to focus on increasing their CLV to increase their profitability.,[CLV],[Customer Lifetime Value]
Loyal customers typically have a higher CLV than new customers.,[CLV],[Customer Lifetime Value]
Marketers and businesses must seriously consider the CLV of each new customer as part of their overall marketing strategy.,[CLV],[Customer Lifetime Value]
We should work towards creating a unique customer experience to boost CLV.,[CLV],[Customer Lifetime Value]
"By incorporating loyalty programs, companies can improve the CLV for high-value customers.",[CLV],[Customer Lifetime Value]
The long-term healthy growth of a business hinges upon a high CLV.,[CLV],[Customer Lifetime Value]
Businesses must consider the effect of marketing promotions on the average CLV.,[CLV],[Customer Lifetime Value]
The CAC ratio for this week's marketing campaign was quite impressive.,[CAC],[Customer Acquisition Cost]
We should definitely try and reduce our CAC by running more cost-effective campaigns.,[CAC],[Customer Acquisition Cost]
We should leverage the potential of CAC to identify new channels for online advertising.,[CAC],[Customer Acquisition Cost]
Our CAC has seen a steady rise since we started using more targeted marketing strategy.,[CAC],[Customer Acquisition Cost]
"To increase our CAC, we must improve our lead generation strategies and targeting.",[CAC],[Customer Acquisition Cost]
We should increase our CAC to cover costs as well as generate profits from our marketing.,[CAC],[Customer Acquisition Cost]
"To better understand the performance of our marketing campaign, we should look at our CAC.",[CAC],[Customer Acquisition Cost]
"Using LTV data, our marketing team ensures that promotional campaigns are tuned to our customers' lifetime values.",[LTV],[Lifetime Value]
Our customers' LTV is analyzed to identify the highest value segments and receive more targeted communications.,[LTV],[Lifetime Value]
"Predictive analytics can be used to forecast customers' LTV, based on usage, demographics, and other data.",[LTV],[Lifetime Value]
LTV helps us measure the efficiency of our marketing channels to prioritize resources and initiatives.,[LTV],[Lifetime Value]
"By improving engagement and retention rates, we are able to positively influence our customers' LTV over time.",[LTV],[Lifetime Value]
The impact of upsell and cross-sell campaigns can be measured on the long-term customer LTV.,[LTV],[Lifetime Value]
We have developed a loyalty program to increase our patrons' LTV and maximize return on investment.,[LTV],[Lifetime Value]
"With the help of QR Code, customers can all be directed to the corporate website for promotions and marketing strategies.",[QR Code],[Quick Response Code]
"Businesses can now easily publish their promotional content as a QR Code, allowing mobile users to access it with a single scan.",[QR Code],[Quick Response Code]
"Customers and potential customers can easily interact with the business through QR Codes, helping to streamline digital marketing efforts.",[QR Code],[Quick Response Code]
Organizations can also use QR Code to customize the advertising experience based on customer preferences and interests.,[QR Code],[Quick Response Code]
"By integrating QR Codes into marketing campaigns, businesses can offer additional personalized promotions and rewards.",[QR Code],[Quick Response Code]
"QR Codes can also be used to track and measure marketing campaigns, giving businesses valuable insights into customer behaviour.",[QR Code],[Quick Response Code]
QR Codes can be used to capture useful customer data that can be used to tailor marketing strategies and communication for better customer engagement.,[QR Code],[Quick Response Code]
RSS provides an efficient way to keep up with the latest marketing trends.,[RSS],[Really Simple Syndication]
The company implemented an RSS feed to inform its customers about the latest marketing campaign.,[RSS],[Really Simple Syndication]
We utilized a custom RSS feed to alert our audience about any new marketing endeavours.,[RSS],[Really Simple Syndication]
Our goal is to increase website engagement through the use of RSS syndication.,[RSS],[Really Simple Syndication]
Leveraging RSS for content distribution has allowed us to reach a larger number of potential customers.,[RSS],[Really Simple Syndication]
Our marketing efforts have been enhanced by using RSS to efficiently deliver timely updates to our subscribers.,[RSS],[Really Simple Syndication]
"By using RSS-enabled services, we have been able to optimize our marketing strategy across multiple platforms.",[RSS],[Really Simple Syndication]
A comprehensive SWOT analysis is essential for any successful marketing strategy.,[SWOT],"[Strengths, Weaknesses, Opportunities, Threats]"
Incorporating SWOT will provide useful insights into potential marketing opportunities and challenges faced by the company.,[SWOT],"[Strengths, Weaknesses, Opportunities, Threats]"
"To stay ahead of the competition, the marketing team must run a SWOT every quarter.",[SWOT],"[Strengths, Weaknesses, Opportunities, Threats]"
Running a SWOT analysis helps marketers to identify the potential threats and weaknesses of a particular marketing decision.,[SWOT],"[Strengths, Weaknesses, Opportunities, Threats]"
The marketing team should use SWOT to identify the potential strengths and weaknesses of available resources.,[SWOT],"[Strengths, Weaknesses, Opportunities, Threats]"
SWOT is a useful tool to define the promotional objectives that should be tried and measured for the effectiveness of a marketing strategy.,[SWOT],"[Strengths, Weaknesses, Opportunities, Threats]"
Leveraging the power of the SWOT framework yields useful feedback to inform future marketing practices.,[SWOT],"[Strengths, Weaknesses, Opportunities, Threats]"
Knowing our USP is the first step to effectively leveraging our marketing strategy.,[USP],[Unique Selling Proposition]
The USP of our product is to always ensure that the customer's needs are put first.,[USP],[Unique Selling Proposition]
Our USP is to deliver innovative solutions that help our customers succeed.,[USP],[Unique Selling Proposition]
Our USP allows us to target a wider customer base and maximize our return on investment.,[USP],[Unique Selling Proposition]
Our USP is that we offer superior customer service and support in every aspect of our product.,[USP],[Unique Selling Proposition]
"By leveraging our USP, we are able to differentiate ourselves from our competitors in the market.",[USP],[Unique Selling Proposition]
Our USP is to provide outstanding value for money coupled with reliable quality products.,[USP],[Unique Selling Proposition]
VOD offers an efficient way to reach new customers with our product marketing strategies.,[VOD],[Video on Demand]
Our most recent marketing campaign for VOD has been incredibly successful.,[VOD],[Video on Demand]
We have invested heavily in creating high-quality content for VOD platforms.,[VOD],[Video on Demand]
"For marketers, VOD is a great way to engage new audiences with personalised experiences.",[VOD],[Video on Demand]
We need to ensure that our VOD campaigns are optimised for current platforms.,[VOD],[Video on Demand]
Our research suggests that VOD advertising will be a major trend in the future.,[VOD],[Video on Demand]
VOD provides an excellent opportunity for marketers to target specific audiences with data-driven campaigns.,[VOD],[Video on Demand]
"Our new marketing API enables us to reach across different channels, allowing customers to engage in a personalized way.",[API],[Application Programming Interface]
"Leveraging our cutting-edge API technology, our marketing team is able to track customer journey in real-time.",[API],[Application Programming Interface]
Our API platform enables marketers to control large volumes of customer data and create targeted campaigns.,[API],[Application Programming Interface]
"Our API streamlines the automation of marketing operations, optimizing the efficiency and effectiveness in campaigns.",[API],[Application Programming Interface]
"By integrating our API into your existing environment, our marketing solution allows you to customize complex data requests.",[API],[Application Programming Interface]
Our API improves customer segmentation to help marketers identify personalized content for each customer's journey.,[API],[Application Programming Interface]
We have developed APIs that enable marketers to access consumer data for analytics and reporting purposes.,[API],[Application Programming Interface]
Our CRM system provides real-time data on all our customers' financial transactions.,[CRM],[Credit Risk Management]
"Through our CRM, we are able to maintain a record of our clients' financial progress.",[CRM],[Credit Risk Management]
The CRM helps us identify new financial opportunities to offer our customers.,[CRM],[Credit Risk Management]
We use the CRM to track our customer's financial activity and calculate ROI.,[CRM],[Credit Risk Management]
Utilizing the CRM allows us to better cater our financial products and services to the needs of our clients.,[CRM],[Credit Risk Management]
Our CRM system helps us collate customer data to better assess their financial position.,[CRM],[Credit Risk Management]
CRM enables us to quickly access our customers' financial details and provide them with necessary services.,[CRM],[Credit Risk Management]
Our CRM strategy focuses on personalizing customer interactions to build relationships and increase customer loyalty.,[CRM],[Customer Relationship Management]
Our team is working on an overhaul of our current CRM system to increase user engagement and streamline the customer service process.,[CRM],[Customer Relationship Management]
Our sales team has seen great success in implementing CRM tactics to track customer data and automate follow-up emails.,[CRM],[Customer Relationship Management]
Companies that use CRM correctly have seen a 20% increase in customer loyalty compared to companies that don't use CRM.,[CRM],[Customer Relationship Management]
"The most successful CRM programs allow companies to target potential customers based on their interests, buying habits, location and demographics.",[CRM],[Customer Relationship Management]
Our marketing department has incorporated CRM tools and strategies to increase our sales conversions and strengthen customer relationships.,[CRM],[Customer Relationship Management]
We are running a promotional campaign to introduce our new suite of CRM tools and services to increase customer loyalty and grow our business.,[CRM],[Customer Relationship Management]
The new ER technology has enabled firms in the finance sector to process higher volumes of transactions with accuracy.,[ER],[Earnings Report]
ER compliance is an important factor to consider before investing in any finance related product.,[ER],[Earnings Report]
Many finance firms are now moving towards Enterprise Resource Planning (ERP) to streamline their processes.,[ER],[Earnings Report]
Strict ER regulations in the finance sector are facilitating investor safety and protection.,[ER],[Earnings Report]
The transition of finance operations to ER systems has opened up new avenues for growth for companies.,[ER],[Earnings Report]
The ability to customize ER products to meet the specific demands of finance institutions attracts a lot of customers.,[ER],[Earnings Report]
ER technology can help financial organizations to automate complex tasks and dramatically improve the accuracy of their records.,[ER],[Earnings Report]
Our finance department is focused on DEI initiatives to foster a supportive work environment.,[DEI],[Dividend Equity Income]
"Through strategic partnerships, we are committed to advancing DEI goals in our financial organization.",[DEI],[Dividend Equity Income]
Leaders in our finance industry should strive to implement DEI policies to increase workplace productivity.,[DEI],[Dividend Equity Income]
Enhancing our DEI initiatives is essential in obtaining financial success for our organization.,[DEI],[Dividend Equity Income]
DEI practices enable our finance department to create an inclusive and diverse atmosphere.,[DEI],[Dividend Equity Income]
The implementation of DEI is beneficial in inspiring innovation in our financial enterprise.,[DEI],[Dividend Equity Income]
Our staff members are encouraged to abide by DEI standards to facilitate progress for our finance sector.,[DEI],[Dividend Equity Income]
The Human Resources department conducted a long-term ROI analysis to measure our financial performance.,[ROI],[Return on Involvement]
Our ROI-focused training program has effectively improved employee engagement and retention.,[ROI],[Return on Involvement]
Using ROI metrics enabled us to accurately compare the return of different HR initiatives.,[ROI],[Return on Involvement]
"Despite the high upfront costs, we experienced a substantial ROI on our HR automation software.",[ROI],[Return on Involvement]
Our recruitment practices consistently yield high ROI results compared to competitor companies.,[ROI],[Return on Involvement]
The company's newest HR benefits package is expected to produce an impressive ROI.,[ROI],[Return on Involvement]
We used ROI models to track the success of our employee health and wellness programs.,[ROI],[Return on Involvement]
We need to improve our digital campaigns to ensure maximum Return On Investment (ROI).,[ROI],[Return on Investment]
A thorough analysis of our ROI figures revealed a worrying trend in customer engagement.,[ROI],[Return on Investment]
"According to our ROI figures, our newest marketing initiatives are more successful than past campaigns.",[ROI],[Return on Investment]
Our ROI figures for this quarter are extremely positive which will help to increase profitability.,[ROI],[Return on Investment]
"By analyzing our ROI data, we can optimize our lead generation strategy to maximize sales.",[ROI],[Return on Investment]
Our marketing team must focus on activities that generate higher ROI to stay competitive in the market.,[ROI],[Return on Investment]
We have seen an increase in ROI since hiring a specialist to review our existing marketing strategies.,[ROI],[Return on Investment]
"At our company, we strive to put our ATS at the core of our HR processes.",[ATS],[Applicant Tracking System]
We use ATS to streamline our HR recruitment and onboarding process.,[ATS],[Applicant Tracking System]
Our ATS is crucial for managing employee records and schedules with ease.,[ATS],[Applicant Tracking System]
We recently integrated ATS with our HR software to improve efficiency.,[ATS],[Applicant Tracking System]
Our ATS allows us to quickly source and evaluate talent for open HR positions.,[ATS],[Applicant Tracking System]
Our ATS helps to ensure we find the best possible candidates for vacant HR roles.,[ATS],[Applicant Tracking System]
We rely on the insights generated by our ATS to ensure successful HR practices.,[ATS],[Applicant Tracking System]
ATS is a widely used trading system for financial transactions throughout the world.,[ATS],[Automated Trading System]
Our company recently upgraded its ATS software to have more efficient transaction capabilities.,[ATS],[Automated Trading System]
ATS algorithms are used to execute large amounts of financial trades.,[ATS],[Automated Trading System]
I'm hoping that the ATS market will be as stable as possible this quarter.,[ATS],[Automated Trading System]
Banking companies are integrating ATS frameworks into their trading systems.,[ATS],[Automated Trading System]
Our firm is implementing ATS principles for its portfolio analytics.,[ATS],[Automated Trading System]
The speed and accuracy of ATS plays an essential role in our financial decisions.,[ATS],[Automated Trading System]
Our PPC campaign is performing very well and helping us gain more traffic and leads.,[PPC],[Preferred Price Channel]
We can create better visibility of our services through a well-planned PPC strategy.,[PPC],[Preferred Price Channel]
We need to focus on PPC to ensure maximum returns from our budget.,[PPC],[Preferred Price Channel]
"We should incorporate PPC into our entire digital marketing strategy, for maximum financial gains.",[PPC],[Preferred Price Channel]
The key to a successful PPC campaign lies in pinpointing the right target audience.,[PPC],[Preferred Price Channel]
"Our PPC methods should be cost-effective, yet generate maximum clicks and conversions.",[PPC],[Preferred Price Channel]
We can track the performance of our PPC campaigns and optimize them accordingly to achieve our financial goals.,[PPC],[Preferred Price Channel]
"PPC stands for Pay-Per-Click, which is a way of driving traffic to a website from search engines.",[PPC],[Pay-Per-Click]
"PPC is one of the most cost-effective ways of getting leads to your website, since you only pay for an ad when it has been clicked.",[PPC],[Pay-Per-Click]
Brands should try to incorporate PPC in their marketing strategy in order to boost their online visibility.,[PPC],[Pay-Per-Click]
"With PPC campaigns, businesses can target specific audiences with the help of keywords, geolocations, and categories.",[PPC],[Pay-Per-Click]
"A strong PPC campaign can lead to a commercial success, as it will bring qualified traffic to the website.",[PPC],[Pay-Per-Click]
Organising a PPC campaign should take into consideration the right balance between cost and result to maximize the effectiveness of advertising budget.,[PPC],[Pay-Per-Click]
Advertisers have to keep a constant track of how their PPC campaigns are performing in order to make sure the campaigns are driving the desired outcomes.,[PPC],[Pay-Per-Click]
The CPM model helps ensure that all tasks are completed on time in the HR department.,[CPM],[Cost Per Mille]
"According to the HR CPM strategy, each employee needs to achieve predefined goals within a given deadline.",[CPM],[Cost Per Mille]
"To ensure maximum efficiency in our HR department, it is important to consistently follow the CPM process.",[CPM],[Cost Per Mille]
With the aid of the CPM system we are able to measure the productivity of our HR personnel more accurately.,[CPM],[Cost Per Mille]
The HR department has seen a marked improvement in workflow since implementing the CPM structure.,[CPM],[Cost Per Mille]
My team utilizes the CPM planning system to outline our complex HR tasks and ensure they are completed to the desired standards.,[CPM],[Cost Per Mille]
Our HR department strictly adheres to the CPM methodology when carrying out each project to guarantee effective results.,[CPM],[Cost Per Mille]
The CPM analysis for budgeting our annual expenditures shows us well-defined steps towards our financial goals.,[CPM],[Cost Per Million]
Proper CPM implementation requires skillful financial foresight in order to optimize profits.,[CPM],[Cost Per Million]
"In order to prepare for market volatility, a CPM model should be utilized to forecast possible outcomes.",[CPM],[Cost Per Million]
Numerous companies have relied on successful CPM projections to forecast future investments and maximize their profits.,[CPM],[Cost Per Million]
CPM is a reliable tool to quantify and evaluate financial risk accurately.,[CPM],[Cost Per Million]
Adopting a CPM system is an effective way to save costs and improve profitability of businesses.,[CPM],[Cost Per Million]
The efficacy of a CPM system is in its ability to optimally allocate financial resources and manage fiscal goals.,[CPM],[Cost Per Million]
Our HR team is working diligently to develop a PR plan that will enhance employee engagement.,[PR],[Performance Review]
We must update our PR tactics to ensure brand loyalty within our stakeholders.,[PR],[Performance Review]
The PR department held a workshop to discuss new ways to foster trust and open communication with employees.,[PR],[Performance Review]
Our PR representatives are meeting with key players to craft a credible brand narrative.,[PR],[Performance Review]
Every effort must be taken to ensure that our PR agendas align with our company's goals.,[PR],[Performance Review]
Our HR team is investing in research to develop innovative PR techniques for the organization.,[PR],[Performance Review]
We are striving to increase public awareness of the HR initiatives we plan to roll out this summer.,[PR],[Performance Review]
Our company is now focusing on developing a new PR strategy to maximize outreach.,[PR],[Public Relations]
"To increase engagement, we should incorporate PR initiatives into our marketing campaign.",[PR],[Public Relations]
Implementing PR campaigns provides a great opportunity to reach consumers around the globe.,[PR],[Public Relations]
Our PR team should come up with creative ideas to promote our latest product.,[PR],[Public Relations]
Our latest PR efforts have been successful in enhancing our online presence.,[PR],[Public Relations]
Our organization has recently hired experts in PR to help us reach new customers.,[PR],[Public Relations]
We need to review our current PR materials and develop a more comprehensive strategy.,[PR],[Public Relations]
All PA requests must be approved by the HR department.,[PA],[Performance Appraisal]
The Human Resources department will review all PA discrepancies and approve necessary changes.,[PA],[Performance Appraisal]
Onboarding new employees requires completion of all PA forms.,[PA],[Performance Appraisal]
Performance evaluations should be updated in the PA system.,[PA],[Performance Appraisal]
Employees should contact HR when needing help with PA related issues.,"[HR, PA]","[Human Resources, Performance Appraisal]"
Our PA team analyzed the quarterly financial performance of the company and reported it to the board.,[PA],[Personal Account]
Our newly appointed PA manager has taken proactive steps to reduce the financial liabilities of the firm.,[PA],[Personal Account]
All investments reported to the PA are compliant with the firm's established financial standards.,[PA],[Personal Account]
The PA team regularly reviews all financial transactions and performs cost-benefit analysis to maximize profitability.,[PA],[Personal Account]
The company has updated the CP for overtime pay and availability of sick leave.,[CP],[Career Pathing]
The CP states that employees will get a bonus based on performance during the year.,[CP],[Career Pathing]
Our HR department offers a detailed CP outlining the discipline procedure to ensure fairness for all staff.,"[HR, CP]","[Human Resources, Career Pathing]"
Training programs concerning CP regulations must be completed by all employees to remain in compliance with industry regulations.,[CP],[Career Pathing]
The HR team is responsible for informing the employees of any changes to the CP policies.,"[HR, CP]","[Human Resources, Career Pathing]"
"It's important to ensure compliance with RPO, this is especially true in an HR context.","[POR, HR]","[Recruitment Process Outsourcing, Human Resources]"
The RPO process requires close monitoring and the assistance of HR teams in order to be effective.,"[POR, HR]","[Recruitment Process Outsourcing, Human Resources]"
"The key challenge in RPO is to ensure a fair and efficient recruitment process, something that Human Resources professionals should be keenly involved in.",[RPO],[Recruitment Process Outsourcing]
Developing a comprehensive RPO strategy requires a significant investment in time and resources from Human Resources personnel.,[RPO],[Recruitment Process Outsourcing]
HR teams must demonstrate a deep understanding of RPO in order to remain competitive and secure the best talent.,"[HR, RPO]","[Human Resources, Recruitment Process Outsourcing]"
Most organizations today are leveraging RPO to optimize their recruitment process.,[RPO],[Request for Purchase Order]
RPO has emerged to be an important sourcing strategy for talent acquisition.,[RPO],[Request for Purchase Order]
Our RPO partner has been helping us source the best talent in the market efficiently.,[RPO],[Request for Purchase Order]
RPO offerings are designed to reduce the cost of hiring and streamline the recruitment process.,[RPO],[Request for Purchase Order]
"We partnered with an RPO provider to deliver greater value, cost savings, and faster access to talent.",[RPO],[Request for Purchase Order]
The SLA specified that HR representatives must be available for employees to facilitate communication.,"[SLA, HR]","[Service Level Agreement, Human Resources]"
All SLA requirements must be fulfilled in order for Human Resources to be compliant with labor laws.,[SLA],[Service Level Agreement]
The SLA clearly detailed the HR terms of employment for incoming employees.,"[SLA, HR]","[Service Level Agreement, Human Resources]"
We have to ensure all SLA standards are met.,[SLA],[Service Level Agreement]
We conducted a survey to assess employee satisfaction with the MBO model and found that it was well received by the majority of employees.,[MBO],[Management By Objectives]
Human Resources partnered with the leadership team to ensure that employees are properly appraised under the MBO model.,[MBO],[Management By Objectives]
We conducted an employee survey to analyze the effectiveness of the MBO model in motivating employees to reach their goals.,[MBO],[Management By Objectives]
We will leverage a MBO in order to finance the new expansion project.,[MBO],[Management BuyOut]
Our MBO policy defines that 20% of profits need to be pooled back into the business.,[MBO],[Management BuyOut]
We have employed a MBO structure for our income distribution model to ensure continued success.,[MBO],[Management BuyOut]
Our MBO mechanism seeks to deliver the most optimal financial returns for our shareholders.,[MBO],[Management BuyOut]
A MBO system allows us to maximize our financial efficiency and manage our funds more effectively.,[MBO],[Management BuyOut]
Our marketing campaigns are designed to maximize our LTV figures.,[LTV],[Loan-To-Value]
Financial models need to factor in rates of customer attrition when estimating LTV.,[LTV],[Loan-To-Value]
"To keep our customer base loyal, our strategy is to increase our LTV figures.",[LTV],[Loan-To-Value]
Our LTV analysis shows that customers in the higher spending bracket have higher rates of retention.,[LTV],[Loan-To-Value]
Our long-term goals for increasing revenue take into account LTV projections as well as acquisition costs.,[LTV],[Loan-To-Value]
A important part of marketing is understanding LTV to accurately measure ROI.,"[LTV, ROI]","[Lifetime Value, Return on Investment]"
"Companies strive to build a loyal customer base by focusing on not only a customer's first purchase, but also their rolling LTV.",[LTV],[Lifetime Value]
"To measure customer loyalty accurately, LTV is crucial for recognizing which marketing efforts are really creating the most value.",[LTV],[Lifetime Value]
Knowing a customer's LTV is essential for optimizing campaign performance and steering the business in the right direction.,[LTV],[Lifetime Value]
"To maximize marketing effectiveness, businesses should measure a customer's LTV to maximize acquisition investments over the long-term.",[LTV],[Lifetime Value]
The SME in our organization is responsible for developing and implementing various policies.,[SME],[Subject Matter Expert]
All the SME s have been provided with training to comprehend the dynamics of the HR system.,"[SME, HR]","[Subject Matter Expert, Human Resources]"
The SME of the HR department provided a comprehensive analysis of the various employee benefits.,"[SME, HR]","[Subject Matter Expert, Human Resources]"
The SME has proposed an initiatives to upgrade the existing database system.,[SME],[Subject Matter Expert]
SMEs are more prone to financial risks as compared to large-scale companies.,[SME],[Small to Medium Enterprise]
Governments around the world are introducing initiatives to help SMEs access better financing options.,[SME],[Small to Medium Enterprise]
Access to financing is a major challenge for SMEs to grow their business.,[SME],[Small to Medium Enterprise]
Banks have become more cautious in lending to SMEs due to the potential financial risks.,[SME],[Small to Medium Enterprise]
The growth of SMEs has been boosted by equity crowdfunding platforms that provide early-stage financing.,[SME],[Small to Medium Enterprise]
We need to create a competitive EVP to help us attract top talent.,[EVP],[Employee Value Proposition]
Our EVP has to support our long-term vision and objectives in the Human Resources domain.,[EVP],[Employee Value Proposition]
The EVP for our organisation needs to demonstrate our commitment to workplace diversity.,[EVP],[Employee Value Proposition]
Establishing an EVP that focuses on professional development and growth is essential.,[EVP],[Employee Value Proposition]
"In order to have a successful EVP, we must communicate our HR commitments to our employees.","[EVP, HR]","[Employee Value Proposition, Human Resources]"
Our organization is looking for an experienced EVP to oversee the finance department.,[EVP],[Executive Vice President]
We are now considering several candidates for the position of EVP of Finance.,[EVP],[Executive Vice President]
The EVP of Finance will create an investor relations strategy and establish relationships with financial institutions.,[EVP],[Executive Vice President]
The EVP will ensure that all financial transactions comply with applicable regulations.,[EVP],[Executive Vice President]
The EVP we have created for our marketing strategy is a strong positioning statement that resonates with our target audience.,[EVP],[Email Verification Process]
Our goal of increasing market share and brand recognition is supported by a strong EVP that positions our company as an industry leader.,[EVP],[Email Verification Process]
"When developing an EVP for our marketing strategy, it's important to focus on customer benefits while understanding the competitive landscape.",[EVP],[Email Verification Process]
The EVP is a critical part of our marketing strategy as it outlines our competitive advantage and the value proposition we offer to potential customers.,[EVP],[Email Verification Process]
"To ensure that our EVP reflects our core values, we are conducting research with our target audience to ensure its accuracy.",[EVP],[Email Verification Process]
We have developed a CTA process to ensure our employees have the best information on our policies.,[CTA],[Call to Action]
Each CTA should have a reporting path to address any HR issues accordingly.,"[CTA, HR]","[Call to Action, Human Resources]"
The CTA committee members can provide valuable feedback in any related Human Resources inquiries.,[CTA],[Call to Action]
CTA presentations are designed to improve our employees' understanding on their HR rights.,"[CTA, HR]","[Call to Action, Human Resources]"
We have implemented CTA as an annual review tool for our department.,[CTA],[Call to Action]
The CTA strategy of investing in equities has generated decent returns for long-term investors.,[CTA],[Commodity Trading Advisor]
Systematic CTA strategies are often used to hedge against market risks in a portfolio.,[CTA],[Commodity Trading Advisor]
A successful CTA portfolio management strategy involves careful analysis of macroeconomic factors and their impact on financial markets.,[CTA],[Commodity Trading Advisor]
"By using a well-crafted CTA approach, investors can maximize their returns while mitigating the risks associated with investing in the stock market.",[CTA],[Commodity Trading Advisor]
Companies are investing in AI to redefine their marketing strategies and tactics.,[AI],[Artificial Intelligence]
With AI technologies marketers can utilize customer data to create more targeted and personalised campaigns.,[AI],[Artificial Intelligence]
AI-powered chatbots are providing an effective way to automate customer service and fielding inquiries across multiple platforms.,[AI],[Artificial Intelligence]
AI is used to assess the performances and make real-time adjustments for effective optimization of campaigns.,[AI],[Artificial Intelligence]
We are currently assessing the impact of AR on employee engagement and job satisfaction.,[AR],[Annual Review]
Our companies AR initiatives are helping us to gain a competitive edge in the market.,[AR],[Annual Review]
We are looking to simplify the Human Resources process by leveraging AR solutions.,[AR],[Annual Review]
Developing an AR mobile application to help support our Human Resources teams in managing employee information.,[AR],[Annual Review]
We recently implemented an automated AR solution to streamline the job search and application process.,[AR],[Annual Review]
We are investigating the use of AR to improve the accuracy of job postings and resumes.,[AR],[Annual Review]
AR is a media of Financial communication used in evaluating the success of investments to help make informed decisions.,[AR],[Accounts Receivable]
A company's AR often reflects the overall success of its financial performance.,[AR],[Accounts Receivable]
"In the wake of the coronavirus pandemic, AR is an increasingly valuable metric for assessing a company's short-term performance.",[AR],[Accounts Receivable]
Investment advisors often recommend portfolios with stocks that demonstrate a strong AR growth.,[AR],[Accounts Receivable]
The CA position at our organization is responsible for managing employee relations.,[CA],[Career Advancement]
Our CA team is hosting a webinar on recent Human Resources regulations.,[CA],[Career Advancement]
The CA has published the company's employee handbook and is providing resources for HR onboarding.,"[CA, HR]","[Career Advancement, Human Resources]"
CA is providing guidance to the HR department on how to handle grievances and complaints from employees.,"[CA, HR]","[Career Advancement, Human Resources]"
A major part of our firm's budget this year will be spent on expanding our CA coverage.,[CA],[Chartered Accountant]
"This quarter, all our managers received additional training on the various provisions of CA regulations.",[CA],[Chartered Accountant]
"Over the next few years, we plan to focus on augmenting CA capability across our enterprise landscape.",[CA],[Chartered Accountant]
All our financial decisions are inline with the CA regulations announced by the government.,[CA],[Chartered Accountant]
We believe that the implementation of CA regulations has resulted in better financial outcomes for our customers.,[CA],[Chartered Accountant]
The company is increasing its marketing efforts in CA to maximize provincial sales.,[CA],[Customer Acquisition]
The recent marketing campaign involving new products and services in CA has been very successful.,[CA],[Customer Acquisition]
Our marketing team has been instructed to focus attention on CA to reach more customers in the area.,[CA],[Customer Acquisition]
We are working on strategies to improve the visibility of our brand in CA.,[CA],[Customer Acquisition]
The new MA enables financial institutions to generate higher returns on investments.,[MA],[Mergers & Acquisitions]
Companies must have a comprehensive plan in order to effectively navigate the MA landscape.,[MA],[Mergers & Acquisitions]
Our team has developed a strategic MA model to maximize returns for shareholders.,[MA],[Mergers & Acquisitions]
Investment banks use MA to gain competitive advantage when allocating capital.,[MA],[Mergers & Acquisitions]
Our firm specializes in providing customized MA solutions for clients.,[MA],[Mergers & Acquisitions]
The MA market is volatile and requires constant monitoring to achieve optimal returns.,[MA],[Mergers & Acquisitions]
Investors must be aware of rapidly changing MA trends to ensure success.,[MA],[Mergers & Acquisitions]
MA helps companies analyze their current marketing strategies to identify areas of improvement.,[MA],[Marketing Automation]
Implementing MA initiatives has positive impacts on a company's customer engagement.,[MA],[Marketing Automation]
MA campaigns are designed to reach a wider customer base and maximize ROI.,"[MA, ROI]","[Marketing Automation, Return on Investment]"
MA experts are able to utilize data to craft personalized strategies for businesses.,[MA],[Marketing Automation]
"By mapping customer experiences, MA professionals can help companies craft more successful marketing campaigns.",[MA],[Marketing Automation]
The PM will chair the weekly meeting and discuss job performance and changes in policies.,[PM],[Performance Management]
The line manager should speak to the PM immediately if any concerns arise regarding Human Resources issues.,[PM],[Performance Management]
PM must review and provide feedback on the HR strategies and ensure they are in line with the organization’s objectives.,"[PM, HR]","[Performance Management, Human Resources]"
The PM and HR team need to work together to ensure that new hires receive the necessary orientation and training.,"[PM, HR]","[Performance Management, Human Resources]"
Our PM team has been working hard to develop a social media marketing strategy to target a younger demographic.,[PM],[Product Marketing]
Let's discuss our upcoming PM project with the marketing department at our Friday staff meeting.,[PM],[Product Marketing]
PMs should investigate the competition's marketing strategy before launching our own.,[PM],[Product Marketing]
Our PMs are well-versed in content marketing and understand how it can be used to increase website traffic.,[PM],[Product Marketing]
The PM team will create detailed reports on the effectiveness of our marketing initiatives and present them to the Executive Team.,[PM],[Product Marketing]
Our company's RA is an integral part of our HR operations.,"[RA, HR]","[Risk Assessment, Human Resources]"
All new RA applicants must provide a number of documents in order to be considered.,[RA],[Risk Assessment]
"Following a thorough review of the RA, our Human Resources department can decide to hire or not.",[RA],[Risk Assessment]
The HR team provides regular RA trainings to on-board new employees.,"[HR, RA]","[Human Resources, Risk Assessment]"
Our RA criteria is an essential step taken by HR to ensure the right candidates are hired.,[RA],[Risk Assessment]
Policy updates are regularly communicated to the HR team for implementation in the RA processes.,"[HR, RA]","[Human Resources, Risk Assessment]"
The RA marketing team is confident that the new product will surpass previous market share expectations.,[RA],[Remarketing Audience]
Demonstrating the value of the RA brand is essential to cementing customer loyalty among current and prospective customers.,[RA],[Remarketing Audience]
Our social media campaigns are essential to elevating the RA brand voice and awareness on a global scale.,[RA],[Remarketing Audience]
"To ensure that RA maintains its leadership position in the industry, we must focus our marketing efforts on striking the perfect balance between traditional and digital channels.",[RA],[Remarketing Audience]