,sentence,acronyms,type,expansions,expanded
0,"The HR team is responsible for recruitment, training and employee relations.",['HR'],Simple,['Human Resources'],"The Human Resources team is responsible for recruitment, training and employee relations."
1,"Reporting to the HR Director, the HR Manager will be responsible for the overall HR department.",['HR'],Simple,['Human Resources'],"Reporting to the Human Resources Director, the Human Resources Manager will be responsible for the overall Human Resources department."
2,We need to ensure we continue to stay compliant with the latest HR regulations.,['HR'],Simple,['Human Resources'],We need to ensure we continue to stay compliant with the latest Human Resources regulations.
3,Our HR department has taken steps to introduce wellbeing initiatives for employees.,['HR'],Simple,['Human Resources'],Our Human Resources department has taken steps to introduce wellbeing initiatives for employees.
4,The HR manager is leading a series of stakeholder workshops to discuss the upcoming changes.,['HR'],Simple,['Human Resources'],The Human Resources manager is leading a series of stakeholder workshops to discuss the upcoming changes.
6,We are now tracking KPI performance data to measure employee productivity.,['KPI'],Simple,['Key Performance Indicator'],We are now tracking Key Performance Indicator performance data to measure employee productivity.
7,We must ensure that employees understand their individual KPI goals in order to maximize performance.,['KPI'],Simple,['Key Performance Indicator'],We must ensure that employees understand their individual Key Performance Indicator goals in order to maximize performance.
8,"By using KPI analysis, we can identify high-potential employees for succession planning and development",['KPI'],Simple,['Key Performance Indicator'],"By using Key Performance Indicator analysis, we can identify high-potential employees for succession planning and development"
9,KPI analysis is the key to understanding employee engagement and job satisfaction levels.,['KPI'],Simple,['Key Performance Indicator'],Key Performance Indicator analysis is the key to understanding employee engagement and job satisfaction levels.
10,Our PMS system keeps track of all employee leave records and entitlements.,['PMS'],Simple,['Performance Management System'],Our Performance Management System system keeps track of all employee leave records and entitlements.
15,Our L&D team has used innovative e-learning techniques to ensure all our employees understand their roles and responsibilities well.,['L&D'],Simple,['Learning and Development'],Our Learning and Development team has used innovative e-learning techniques to ensure all our employees understand their roles and responsibilities well.
16,Regular seminars conducted by L&D help create a feeling of professional satisfaction and success among our employees.,['L&D'],Simple,['Learning and Development'],Regular seminars conducted by Learning and Development help create a feeling of professional satisfaction and success among our employees.
17,We organize L&D workshops focused on stress management and time management strategies to enhance employees’ work-life balance.,['L&D'],Simple,['Learning and Development'],We organize Learning and Development workshops focused on stress management and time management strategies to enhance employees’ work-life balance.
18,All staff must complete an orientation program provided by L&D to ensure they are aware of the challenges and opportunities presented by the organization.,['L&D'],Simple,['Learning and Development'],All staff must complete an orientation program provided by Learning and Development to ensure they are aware of the challenges and opportunities presented by the organization.
19,"Our L&D team ensures that all the staff is regularly updated on changes in policies, procedures, and industry trends.",['L&D'],Simple,['Learning and Development'],"Our Learning and Development team ensures that all the staff is regularly updated on changes in policies, procedures, and industry trends."
20,SHRM plays an important role in ensuring compliance of international labor laws.,['SHRM'],Simple,['Society for Human Resource Management'],Society for Human Resource Management plays an important role in ensuring compliance of international labor laws.
22,SHRM policies should be reviewed every year to ensure they are still in line with the organization's objectives.,['SHRM'],Simple,['Society for Human Resource Management'],Society for Human Resource Management policies should be reviewed every year to ensure they are still in line with the organization's objectives.
24,SHRM provides resources to employers to help them address workplace issues like bullying and harassment.,['SHRM'],Simple,['Society for Human Resource Management'],Society for Human Resource Management provides resources to employers to help them address workplace issues like bullying and harassment.
25,Our organization values the importance of giving employees a platform to express their feedback through OD sessions.,['OD'],Simple,['Organizational Development'],Our organization values the importance of giving employees a platform to express their feedback through Organizational Development sessions.
27,We have identified the key areas of improvement through the OD intervention and are looking into ways to address them.,['OD'],Simple,['Organizational Development'],We have identified the key areas of improvement through the Organizational Development intervention and are looking into ways to address them.
28,We are in the process of conducting OD workshops to help employees develop their skills and enhance their knowledge.,['OD'],Simple,['Organizational Development'],We are in the process of conducting Organizational Development workshops to help employees develop their skills and enhance their knowledge.
29,Companies are exploring opportunities to leverage BPO to automate employees' benefits tracking and administration.,['BPO'],Simple,['Business Process Outsourcing'],Companies are exploring opportunities to leverage Business Process Outsourcing to automate employees' benefits tracking and administration.
34,The company is happy to offer the EAP to provide mental health and well-being services to all its employees.,['EAP'],Simple,['Employee Assistance Program'],The company is happy to offer the Employee Assistance Program to provide mental health and well-being services to all its employees.
35,"Our EAP counselors can provide support services like financial guidance, stress management and relationship counseling to all our staff.",['EAP'],Simple,['Employee Assistance Program'],"Our Employee Assistance Program counselors can provide support services like financial guidance, stress management and relationship counseling to all our staff."
36,We can leverage our EAP for proactive measures like preventive wellness programs to foster a healthy work-life balance.,['EAP'],Simple,['Employee Assistance Program'],We can leverage our Employee Assistance Program for proactive measures like preventive wellness programs to foster a healthy work-life balance.
37,"Staff can refer their colleagues to the EAP for help in difficult times such as during divorce proceedings, bereavement or recovery from an addiction.",['EAP'],Simple,['Employee Assistance Program'],"Staff can refer their colleagues to the Employee Assistance Program for help in difficult times such as during divorce proceedings, bereavement or recovery from an addiction."
39,"To promote overall wellbeing, the organization encourages all employees to take advantage of the resources provided by the Employee Assistance Program (EAP).",['EAP'],Simple,['Employee Assistance Program'],"To promote overall wellbeing, the organization encourages all employees to take advantage of the resources provided by the Employee Assistance Program (Employee Assistance Program)."
40,Our Company has implemented a Comprehensive ERG to ensure a diverse work force.,['ERG'],Simple,['Employee Resource Group'],Our Company has implemented a Comprehensive Employee Resource Group to ensure a diverse work force.
41,Our executives have organized ERG meetings to review the progress of strategies and policies related to recruitment and retention.,['ERG'],Simple,['Employee Resource Group'],Our executives have organized Employee Resource Group meetings to review the progress of strategies and policies related to recruitment and retention.
42,The success of our ERG initiatives will be measured by increased engagement and better diversity outcomes.,['ERG'],Simple,['Employee Resource Group'],The success of our Employee Resource Group initiatives will be measured by increased engagement and better diversity outcomes.
43,We strive to create an environment inclusive of all employees through the active participation of our ERG cultures.,['ERG'],Simple,['Employee Resource Group'],We strive to create an environment inclusive of all employees through the active participation of our Employee Resource Group cultures.
44,"As an organisation, we need to ensure that our ERG practices reflect our commitment to diversity and inclusion in our workforce.",['ERG'],Simple,['Employee Resource Group'],"As an organisation, we need to ensure that our Employee Resource Group practices reflect our commitment to diversity and inclusion in our workforce."
56,The C&B department will be reviewing the salaries of new hires to ensure fair compensation.,['C&B'],Simple,['Compensation and Benefits'],The Compensation and Benefits department will be reviewing the salaries of new hires to ensure fair compensation.
57,The company is considering implementing a comprehensive C&B benefits package for all employees.,['C&B'],Simple,['Compensation and Benefits'],The company is considering implementing a comprehensive Compensation and Benefits benefits package for all employees.
58,Our C&B team is closely monitoring the changing industry standards for wages and salaries.,['C&B'],Simple,['Compensation and Benefits'],Our Compensation and Benefits team is closely monitoring the changing industry standards for wages and salaries.
59,Our C&B procedures allow employees to receive bonus payments when they exceed certain milestones or performance objectives.,['C&B'],Simple,['Compensation and Benefits'],Our Compensation and Benefits procedures allow employees to receive bonus payments when they exceed certain milestones or performance objectives.
60,Our comprehensive C&B program allows us to remain competitive in the industry and attract top talent.,['C&B'],Simple,['Compensation and Benefits'],Our comprehensive Compensation and Benefits program allows us to remain competitive in the industry and attract top talent.
62,"If you have any questions about the JD guidelines, please refer to the manual.",['JD'],Simple,['Job Description'],"If you have any questions about the Job Description guidelines, please refer to the manual."
63,A successful JD candidate will possess a combination of knowledge and skills that our team is looking for.,['JD'],Simple,['Job Description'],A successful Job Description candidate will possess a combination of knowledge and skills that our team is looking for.
65,We are planning to offer two days of PTO to our employees for the upcoming month.,['PTO'],Simple,['Paid Time Off'],We are planning to offer two days of Paid Time Off to our employees for the upcoming month.
66,All unused PTO from this month will be automatically rolled over to next month.,['PTO'],Simple,['Paid Time Off'],All unused Paid Time Off from this month will be automatically rolled over to next month.
67,The PTO policy will be reviewed every six months to ensure appropriate use and prevent ove ruse.,['PTO'],Simple,['Paid Time Off'],The Paid Time Off policy will be reviewed every six months to ensure appropriate use and prevent ove ruse.
68,Employees who have completed more than three years of service will be eligible for additional days of PTO.,['PTO'],Simple,['Paid Time Off'],Employees who have completed more than three years of service will be eligible for additional days of Paid Time Off.
69,All employees must book their PTO in advance and get approval from their managers.,['PTO'],Simple,['Paid Time Off'],All employees must book their Paid Time Off in advance and get approval from their managers.
70,We want to ensure that all employees are taking their annual leave as part of our PTO policy.,['PTO'],Simple,['Paid Time Off'],We want to ensure that all employees are taking their annual leave as part of our Paid Time Off policy.
71,It is essential for employers to comply with the requirements of the FMLA.,['FMLA'],Simple,['Family and Medical Leave Act'],It is essential for employers to comply with the requirements of the Family and Medical Leave Act.
72,Employees are eligible for up to 12 weeks of job-protected leave under the FMLA.,['FMLA'],Simple,['Family and Medical Leave Act'],Employees are eligible for up to 12 weeks of job-protected leave under the Family and Medical Leave Act.
73,All employers with 50 or more workers are covered by the FMLA.,['FMLA'],Simple,['Family and Medical Leave Act'],All employers with 50 or more workers are covered by the Family and Medical Leave Act.
74,Employees are entitled to return to the same or an equivalent job at the conclusion of FMLA leave.,['FMLA'],Simple,['Family and Medical Leave Act'],Employees are entitled to return to the same or an equivalent job at the conclusion of Family and Medical Leave Act leave.
75,"FMLA rules regarding job protection, paid and unpaid leave, health benefits, and job restoration rights are all enforced by the Department of Labor.",['FMLA'],Simple,['Family and Medical Leave Act'],"Family and Medical Leave Act rules regarding job protection, paid and unpaid leave, health benefits, and job restoration rights are all enforced by the Department of Labor."
76,Employers need to be mindful of the obligations imposed by the FMLA when dealing with an employee's leave request.,['FMLA'],Simple,['Family and Medical Leave Act'],Employers need to be mindful of the obligations imposed by the Family and Medical Leave Act when dealing with an employee's leave request.
78,Our organization has invested in our employees by ensuring that each of our leaders hold SPHR certificates.,['SPHR'],Simple,['Senior Professional in Human Resources'],Our organization has invested in our employees by ensuring that each of our leaders hold Senior Professional in Human Resources certificates.
79,Successful completion of the SPHR exam offers a valuable asset to a professional's resume.,['SPHR'],Simple,['Senior Professional in Human Resources'],Successful completion of the Senior Professional in Human Resources exam offers a valuable asset to a professional's resume.
82,The PHR is responsible for maintaining and updating employee information.,['PHR'],Simple,['Professional in Human Resources'],The Professional in Human Resources is responsible for maintaining and updating employee information.
83,We plan to launch a comprehensive PHR system in the near future to track personnel data.,['PHR'],Simple,['Professional in Human Resources'],We plan to launch a comprehensive Professional in Human Resources system in the near future to track personnel data.
85,"By leveraging the capabilities of the PHR, we can optimize our employee management.",['PHR'],Simple,['Professional in Human Resources'],"By leveraging the capabilities of the Professional in Human Resources, we can optimize our employee management."
86,The PHR system provides access to relevant documents and records to make valuable changes to the workflow.,['PHR'],Simple,['Professional in Human Resources'],The Professional in Human Resources system provides access to relevant documents and records to make valuable changes to the workflow.
87,The PHR dashboard provides an overview of employee performance and progress.,['PHR'],Simple,['Professional in Human Resources'],The Professional in Human Resources dashboard provides an overview of employee performance and progress.
88,T&D will be hosting a workshop to help employees sharpen their presentation skills.,['T&D'],Simple,['Training and Development'],Training and Development will be hosting a workshop to help employees sharpen their presentation skills.
90,Executives are invited to receive professional coaching from the T&D team.,['T&D'],Simple,['Training and Development'],Executives are invited to receive professional coaching from the Training and Development team.
92,We are assessing the effectiveness of our T&D program through feedback from employees.,['T&D'],Simple,['Training and Development'],We are assessing the effectiveness of our Training and Development program through feedback from employees.
93,T&D has made a significant contribution to improving employee satisfaction in the past year.,['T&D'],Simple,['Training and Development'],Training and Development has made a significant contribution to improving employee satisfaction in the past year.
94,HRIS is an essential tool for Human Resources to maintain accurate records for employee data.,['HRIS'],Simple,['Human Resource Information System'],Human Resource Information System is an essential tool for Human Resources to maintain accurate records for employee data.
95,Our HRIS system closely tracks employee performance metrics ensuring better quality assurance.,['HRIS'],Simple,['Human Resource Information System'],Our Human Resource Information System system closely tracks employee performance metrics ensuring better quality assurance.
96,"With HRIS, our Human Resources team can quickly analyze labor trends and identify potential areas for improvement.",['HRIS'],Simple,['Human Resource Information System'],"With Human Resource Information System, our Human Resources team can quickly analyze labor trends and identify potential areas for improvement."
97,HRIS has allowed our organization to significantly increase productivity and efficiency across our workforce.,['HRIS'],Simple,['Human Resource Information System'],Human Resource Information System has allowed our organization to significantly increase productivity and efficiency across our workforce.
98,"Configuration of the HRIS platform allows us to capture essential employee details like contact numbers, demographics, and other information.",['HRIS'],Simple,['Human Resource Information System'],"Configuration of the Human Resource Information System platform allows us to capture essential employee details like contact numbers, demographics, and other information."
99,HRMS systems provide automated workflow and online data collection to improve the productivity of Human Resource departments.,['HRMS'],Simple,['Human Resource Management System'],Human Resource Management System systems provide automated workflow and online data collection to improve the productivity of Human Resource departments.
100,HRMS offers a comprehensive set of features that enable easy and effective workforce management.,['HRMS'],Simple,['Human Resource Management System'],Human Resource Management System offers a comprehensive set of features that enable easy and effective workforce management.
101,"To ensure compliance with the latest standards and regulations, companies need an efficient and reliable HRMS.",['HRMS'],Simple,['Human Resource Management System'],"To ensure compliance with the latest standards and regulations, companies need an efficient and reliable Human Resource Management System."
102,"HRMS allows Human Resources to efficiently track and manage employee information, such as time off, leave requests, and performance evaluations.",['HRMS'],Simple,['Human Resource Management System'],"Human Resource Management System allows Human Resources to efficiently track and manage employee information, such as time off, leave requests, and performance evaluations."
103,HRMS can help to improve workforce productivity and quality of work by providing employees with better access to information and resources.,['HRMS'],Simple,['Human Resource Management System'],Human Resource Management System can help to improve workforce productivity and quality of work by providing employees with better access to information and resources.
104,An effective HRMS is essential for any organization that wishes to manage its human capital efficiently and cost-effectively.,['HRMS'],Simple,['Human Resource Management System'],An effective Human Resource Management System is essential for any organization that wishes to manage its human capital efficiently and cost-effectively.
105,Our company has recently implemented an ESOP as a way to incentivize our employees and improve employee retention.,['ESOP'],Simple,['Employee Stock Ownership Plan'],Our company has recently implemented an Employee Stock Ownership Plan as a way to incentivize our employees and improve employee retention.
107,"To increase employee engagement, we have introduced an ESOP program that allows employees to receive substantial financial benefits when the company succeeds.",['ESOP'],Simple,['Employee Stock Ownership Plan'],"To increase employee engagement, we have introduced an Employee Stock Ownership Plan program that allows employees to receive substantial financial benefits when the company succeeds."
109,We have developed a modernized ESOP package for our workers to ensure that they remain satisfied and focused on their career goals.,['ESOP'],Simple,['Employee Stock Ownership Plan'],We have developed a modernized Employee Stock Ownership Plan package for our workers to ensure that they remain satisfied and focused on their career goals.
110,"By introducing an ESOP program, we are providing our workers with an opportunity to increase their equity stake in the company and have a say in the decisions that we make.",['ESOP'],Simple,['Employee Stock Ownership Plan'],"By introducing an Employee Stock Ownership Plan program, we are providing our workers with an opportunity to increase their equity stake in the company and have a say in the decisions that we make."
120,Human Resources should continuously assess the effectiveness of TA programs.,['TA'],Simple,['Talent Acquisition'],Human Resources should continuously assess the effectiveness of Talent Acquisition programs.
121,TA should be monitored and evaluated on a regular basis.,['TA'],Simple,['Talent Acquisition'],Talent Acquisition should be monitored and evaluated on a regular basis.
122,The HIPO model helps to identify the career growth paths of our high-potential employees.,['HIPO'],Simple,['High Potential Employee'],The High Potential Employee model helps to identify the career growth paths of our high-potential employees.
123,HIPO individuals seek out challenges and have a great track record of successfully meeting their goals.,['HIPO'],Simple,['High Potential Employee'],High Potential Employee individuals seek out challenges and have a great track record of successfully meeting their goals.
125,The HIPO framework is essential in understanding how to deploy our talents to reap the maximum organizational benefits.,['HIPO'],Simple,['High Potential Employee'],The High Potential Employee framework is essential in understanding how to deploy our talents to reap the maximum organizational benefits.
126,HIPO designations can give recognition to employees who have displayed leadership qualities in past roles.,['HIPO'],Simple,['High Potential Employee'],High Potential Employee designations can give recognition to employees who have displayed leadership qualities in past roles.
127,Key roles in the organization are usually identified for HIPO employees to leverage their capabilities.,['HIPO'],Simple,['High Potential Employee'],Key roles in the organization are usually identified for High Potential Employee employees to leverage their capabilities.
128,The Organization has implemented OJT as a part of the Human Resource initiative.,['OJT'],Simple,['On-the-Job Training'],The Organization has implemented On-the-Job Training as a part of the Human Resource initiative.
129,We encourage our new hires to learn the ropes of the job through the OJT program.,['OJT'],Simple,['On-the-Job Training'],We encourage our new hires to learn the ropes of the job through the On-the-Job Training program.
132,The Human Resources Department has implemented OJT as one of the most cost-efficient methods to increase the skills and knowledge of existing employees.,['OJT'],Simple,['On-the-Job Training'],The Human Resources Department has implemented On-the-Job Training as one of the most cost-efficient methods to increase the skills and knowledge of existing employees.
133,The EE-performance evaluation process has had a significant effect on employee morale.,['EE'],Simple,['Employee Engagement'],The Employee Engagement-performance evaluation process has had a significant effect on employee morale.
134,We have implemented a comprehensive EE training program to ensure our employees are properly educated and prepared.,['EE'],Simple,['Employee Engagement'],We have implemented a comprehensive Employee Engagement training program to ensure our employees are properly educated and prepared.
135,EE Managers have noticed an increase in workplace engagement since implementing flexible working practices.,['EE'],Simple,['Employee Engagement'],Employee Engagement Managers have noticed an increase in workplace engagement since implementing flexible working practices.
136,The EE department is offering a series of professional development courses to help employees reach their full potential.,['EE'],Simple,['Employee Engagement'],The Employee Engagement department is offering a series of professional development courses to help employees reach their full potential.
137,We have recently upgraded our EE technology to better align with industry standards.,['EE'],Simple,['Employee Engagement'],We have recently upgraded our Employee Engagement technology to better align with industry standards.
149,The HCM department is responsible for organizing the recruitment process in the company.,['HCM'],Simple,['Human Capital Management'],The Human Capital Management department is responsible for organizing the recruitment process in the company.
150,We rely on HCM to identify key talent that will take our organization to the next level.,['HCM'],Simple,['Human Capital Management'],We rely on Human Capital Management to identify key talent that will take our organization to the next level.
151,Our HCM department is working to implement a performance management system that will align our teams and ensure long-term success.,['HCM'],Simple,['Human Capital Management'],Our Human Capital Management department is working to implement a performance management system that will align our teams and ensure long-term success.
152,"Through HCM, we have access to essential data insights that help us make smarter decisions about personnel.",['HCM'],Simple,['Human Capital Management'],"Through Human Capital Management, we have access to essential data insights that help us make smarter decisions about personnel."
153,HCM provides us with the means to accurately measure employee engagement and satisfaction.,['HCM'],Simple,['Human Capital Management'],Human Capital Management provides us with the means to accurately measure employee engagement and satisfaction.
158,Our Human Resources team is currently evaluating the pros and cons of WFH from the perspective of the organization as well as the individual.,['WFH'],Simple,['Work From Home'],Our Human Resources team is currently evaluating the pros and cons of Work From Home from the perspective of the organization as well as the individual.
164,The CFO approved a new accounting system to streamline the company’s accounts.,['CFO'],Simple,['Chief Financial Officer'],The Chief Financial Officer approved a new accounting system to streamline the company’s accounts.
165,The Board of Directors voted to appoint a new CFO to manage the financial stewardship of the organisation.,['CFO'],Simple,['Chief Financial Officer'],The Board of Directors voted to appoint a new Chief Financial Officer to manage the financial stewardship of the organisation.
166,The CFO presented a forecast of the company’s financial position for the coming year.,['CFO'],Simple,['Chief Financial Officer'],The Chief Financial Officer presented a forecast of the company’s financial position for the coming year.
167,"The higher the EBITDA, the greater the company's capacity to generate cash and pay down debt.",['EBITDA'],Simple,"['Earnings Before Interest, Taxes, Depreciation, and Amortization']","The higher the Earnings Before Interest, Taxes, Depreciation, and Amortization, the greater the company's capacity to generate cash and pay down debt."
168,We forecasted that the EBITDA for Acme Corp would be $45 million in 2021.,['EBITDA'],Simple,"['Earnings Before Interest, Taxes, Depreciation, and Amortization']","We forecasted that the Earnings Before Interest, Taxes, Depreciation, and Amortization for Acme Corp would be $45 million in 2021."
169,The primary goal in analyzing EBITDA is to gain insight into a company's fundamental profitability.,['EBITDA'],Simple,"['Earnings Before Interest, Taxes, Depreciation, and Amortization']","The primary goal in analyzing Earnings Before Interest, Taxes, Depreciation, and Amortization is to gain insight into a company's fundamental profitability."
170,"Management structure, taxes, and capital structure decisions can significantly affect EBITDA.",['EBITDA'],Simple,"['Earnings Before Interest, Taxes, Depreciation, and Amortization']","Management structure, taxes, and capital structure decisions can significantly affect Earnings Before Interest, Taxes, Depreciation, and Amortization."
171,Financial analysts often use EBITDA in order to make sense of a company’s performance and compare it to industry standards.,['EBITDA'],Simple,"['Earnings Before Interest, Taxes, Depreciation, and Amortization']","Financial analysts often use Earnings Before Interest, Taxes, Depreciation, and Amortization in order to make sense of a company’s performance and compare it to industry standards."
172,Investment banks typically set the initial price of an IPO to maximize the return on investment for early buyers in the stock market.,['IPO'],Simple,['Initial Public Offering'],Investment banks typically set the initial price of an Initial Public Offering to maximize the return on investment for early buyers in the stock market.
177,The P&L statement revealed a dramatic increase in profits for the previous quarter.,['P&L'],Simple,['Profit and Loss'],The Profit and Loss statement revealed a dramatic increase in profits for the previous quarter.
178,Consolidated P&L accounts demonstrate the overall profitability of a business.,['P&L'],Simple,['Profit and Loss'],Consolidated Profit and Loss accounts demonstrate the overall profitability of a business.
179,Seasonal fluctuations can be accurately mapped and predicted using historical P&L data.,['P&L'],Simple,['Profit and Loss'],Seasonal fluctuations can be accurately mapped and predicted using historical Profit and Loss data.
181,Any adjustments to the P&L must be accurately and timely documented to reflect changes to financial performance.,['P&L'],Simple,['Profit and Loss'],Any adjustments to the Profit and Loss must be accurately and timely documented to reflect changes to financial performance.
183,"Looking at the CAPEX projections for the next five years, we were able to make an informed investment decision.",['CAPEX'],Simple,['Capital Expenditure'],"Looking at the Capital Expenditure projections for the next five years, we were able to make an informed investment decision."
184,"Since growth requires larger CAPEX investments, our company needs to be strategic when allocating funds.",['CAPEX'],Simple,['Capital Expenditure'],"Since growth requires larger Capital Expenditure investments, our company needs to be strategic when allocating funds."
186,Analyzing the CAPEX reports we found that our total expenses increased by 40%.,['CAPEX'],Simple,['Capital Expenditure'],Analyzing the Capital Expenditure reports we found that our total expenses increased by 40%.
187,We have to maintain strict FIFO while processing capital withdrawals from the retirement fund.,['FIFO'],Simple,"['First In, First Out']","We have to maintain strict First In, First Out while processing capital withdrawals from the retirement fund."
188,Accounting requires us to recognize sales and purchases on a FIFO basis for audit purposes.,['FIFO'],Simple,"['First In, First Out']","Accounting requires us to recognize sales and purchases on a First In, First Out basis for audit purposes."
189,Financial auditors ensure budget compliance and that the FIFO rule of accounting is properly followed.,['FIFO'],Simple,"['First In, First Out']","Financial auditors ensure budget compliance and that the First In, First Out rule of accounting is properly followed."
190,FIFO protocol should be followed for calculating costs of goods as it reflects inflationary cost.,['FIFO'],Simple,"['First In, First Out']","First In, First Out protocol should be followed for calculating costs of goods as it reflects inflationary cost."
191,Taxation systems generally use the FIFO approach to calculate profit margins for businesses.,['FIFO'],Simple,"['First In, First Out']","Taxation systems generally use the First In, First Out approach to calculate profit margins for businesses."
192,The LIFO accounting method is more beneficial during times of inflation.,['LIFO'],Simple,"['Last In, First Out']","The Last In, First Out accounting method is more beneficial during times of inflation."
194,The ability to use LIFO may depend heavily on specific industry regulations.,['LIFO'],Simple,"['Last In, First Out']","The ability to use Last In, First Out may depend heavily on specific industry regulations."
195,LIFO’s contribution to the 2008 financial crisis was heavily debated amongst analysts.,['LIFO'],Simple,"['Last In, First Out']","Last In, First Out’s contribution to the 2008 financial crisis was heavily debated amongst analysts."
196,Reporting taxes and inventory under the LIFO method may have drastic implications for an organization's bottom line.,['LIFO'],Simple,"['Last In, First Out']","Reporting taxes and inventory under the Last In, First Out method may have drastic implications for an organization's bottom line."
197,ROA is an important metric that helps investors measure the profit efficiency of their investments.,['ROA'],Simple,['Return on Assets'],Return on Assets is an important metric that helps investors measure the profit efficiency of their investments.
198,ROA can be calculated by simply dividing the net profits of a business by its total assets.,['ROA'],Simple,['Return on Assets'],Return on Assets can be calculated by simply dividing the net profits of a business by its total assets.
199,"The higher the ROA, the more returns for the shareholders.",['ROA'],Simple,['Return on Assets'],"The higher the Return on Assets, the more returns for the shareholders."
200,Our quarterly ROA has been increasing steadily which is great news.,['ROA'],Simple,['Return on Assets'],Our quarterly Return on Assets has been increasing steadily which is great news.
201,A low ROA generally means the company is not utilizing its assets accordingly.,['ROA'],Simple,['Return on Assets'],A low Return on Assets generally means the company is not utilizing its assets accordingly.
202,ROE is widely used by investors to evaluate a company’s financial health and efficiency as compared to its competitors.,['ROE'],Simple,['Return on Equity'],Return on Equity is widely used by investors to evaluate a company’s financial health and efficiency as compared to its competitors.
203,"The higher the ROE, the higher the rate of return on invested capital.",['ROE'],Simple,['Return on Equity'],"The higher the Return on Equity, the higher the rate of return on invested capital."
204,ROE can be a valuable indicator in making investment decisions and providing insight into a company’s financial performance.,['ROE'],Simple,['Return on Equity'],Return on Equity can be a valuable indicator in making investment decisions and providing insight into a company’s financial performance.
205,The expected rate of return required by investors should always be higher than the ROE of a company.,['ROE'],Simple,['Return on Equity'],The expected rate of return required by investors should always be higher than the Return on Equity of a company.
206,Investment strategies that emphasize a combination of return on equity and debt capacity will help improve a company’s ROE.,['ROE'],Simple,['Return on Equity'],Investment strategies that emphasize a combination of return on equity and debt capacity will help improve a company’s Return on Equity.
207,The CAGR of the mutual fund was 20% over a five year period.,['CAGR'],Simple,['Compound Annual Growth Rate'],The Compound Annual Growth Rate of the mutual fund was 20% over a five year period.
208,We expect our investment to generate a CAGR of 15% over the long-term.,['CAGR'],Simple,['Compound Annual Growth Rate'],We expect our investment to generate a Compound Annual Growth Rate of 15% over the long-term.
209,The stock achieved a CAGR of 12% over the past two years.,['CAGR'],Simple,['Compound Annual Growth Rate'],The stock achieved a Compound Annual Growth Rate of 12% over the past two years.
210,The CAGR of the index was 7% in the last financial year.,['CAGR'],Simple,['Compound Annual Growth Rate'],The Compound Annual Growth Rate of the index was 7% in the last financial year.
211,His portfolio delivered a CAGR of 11% in the last six months.,['CAGR'],Simple,['Compound Annual Growth Rate'],His portfolio delivered a Compound Annual Growth Rate of 11% in the last six months.
212,FCF can help analyze the cashflow position of a company and can be an important tool for financial projections.,['FCF'],Simple,['Free Cash Flow'],Free Cash Flow can help analyze the cashflow position of a company and can be an important tool for financial projections.
213,Analyzing FCF is critical in order to increase operational efficiency and liquidity.,['FCF'],Simple,['Free Cash Flow'],Analyzing Free Cash Flow is critical in order to increase operational efficiency and liquidity.
214,FCF is a key indicator for corporate finance professionals evaluating potential investments.,['FCF'],Simple,['Free Cash Flow'],Free Cash Flow is a key indicator for corporate finance professionals evaluating potential investments.
215,FCF is considered an important component to a company's balance sheet.,['FCF'],Simple,['Free Cash Flow'],Free Cash Flow is considered an important component to a company's balance sheet.
216,"FCF helps demonstrates the ability of a company to generate cash internally, independent of external financing.",['FCF'],Simple,['Free Cash Flow'],"Free Cash Flow helps demonstrates the ability of a company to generate cash internally, independent of external financing."
217,The team estimated that the IRR of the stock will be between 16–20% every year.,['IRR'],Simple,['Internal Rate of Return'],The team estimated that the Internal Rate of Return of the stock will be between 16–20% every year.
218,"The IRR of the bond was below the expected level, resulting in a decrease in the investment.",['IRR'],Simple,['Internal Rate of Return'],"The Internal Rate of Return of the bond was below the expected level, resulting in a decrease in the investment."
219,The equity IRR proved to be a primary driver for the company's financial success.,['IRR'],Simple,['Internal Rate of Return'],The equity Internal Rate of Return proved to be a primary driver for the company's financial success.
221,The company is aiming to achieve an IRR of 20% by applying new measures to maximize profits.,['IRR'],Simple,['Internal Rate of Return'],The company is aiming to achieve an Internal Rate of Return of 20% by applying new measures to maximize profits.
222,The EPS of the stock has been increasing steadily since the company's release of its quarterly results.,['EPS'],Simple,['Earnings Per Share'],The Earnings Per Share of the stock has been increasing steadily since the company's release of its quarterly results.
223,Analysts have predicted a higher EPS for the upcoming quarter.,['EPS'],Simple,['Earnings Per Share'],Analysts have predicted a higher Earnings Per Share for the upcoming quarter.
224,The board of directors has proposed an adjusted EPS target for the new financial year.,['EPS'],Simple,['Earnings Per Share'],The board of directors has proposed an adjusted Earnings Per Share target for the new financial year.
225,The company's EPS will be affected significantly due to the current market trends.,['EPS'],Simple,['Earnings Per Share'],The company's Earnings Per Share will be affected significantly due to the current market trends.
226,PE investments have been increasing rapidly in the past few years due to innovative business strategies.,['PE'],Simple,['Price-to-Earnings Ratio'],Price-to-Earnings Ratio investments have been increasing rapidly in the past few years due to innovative business strategies.
227,"With increased PE investments, we anticipate a surge in the capital markets.",['PE'],Simple,['Price-to-Earnings Ratio'],"With increased Price-to-Earnings Ratio investments, we anticipate a surge in the capital markets."
228,"Some PE firms are taking advantage of the market downturns, buying distressed assets at discounted values.",['PE'],Simple,['Price-to-Earnings Ratio'],"Some Price-to-Earnings Ratio firms are taking advantage of the market downturns, buying distressed assets at discounted values."
229,PE investments help to finance small companies with growth potential.,['PE'],Simple,['Price-to-Earnings Ratio'],Price-to-Earnings Ratio investments help to finance small companies with growth potential.
230,PE funds are expected to continue to play a major role in financing mergers and acquisitions.,['PE'],Simple,['Price-to-Earnings Ratio'],Price-to-Earnings Ratio funds are expected to continue to play a major role in financing mergers and acquisitions.
231,Hedge funds have to be compliant with the AP regulations to avoid penalties.,['AP'],Simple,['Accounts Payable'],Hedge funds have to be compliant with the Accounts Payable regulations to avoid penalties.
232,Banks should ensure that their employees follow the AP rules when monitoring financial transactions.,['AP'],Simple,['Accounts Payable'],Banks should ensure that their employees follow the Accounts Payable rules when monitoring financial transactions.
233,Professional traders rely on AP to execute successful trades to make a profit.,['AP'],Simple,['Accounts Payable'],Professional traders rely on Accounts Payable to execute successful trades to make a profit.
234,All financial institutions should maintain safekeeping of all documentation related to AP.,['AP'],Simple,['Accounts Payable'],All financial institutions should maintain safekeeping of all documentation related to Accounts Payable.
239,We need to complete the TVM calculations to accurately determine the company's growth rate.,['TVM'],Simple,['Time Value of Money'],We need to complete the Time Value of Money calculations to accurately determine the company's growth rate.
240,The TVM formula is used to calculate the future value of an investment.,['TVM'],Simple,['Time Value of Money'],The Time Value of Money formula is used to calculate the future value of an investment.
241,The TVM module of our financial software helps you analyse the impact of inflation on your investments.,['TVM'],Simple,['Time Value of Money'],The Time Value of Money module of our financial software helps you analyse the impact of inflation on your investments.
242,I'm using the TVM calculator to determine how long it will take to reach my financial goal.,['TVM'],Simple,['Time Value of Money'],I'm using the Time Value of Money calculator to determine how long it will take to reach my financial goal.
244,"The ETF market is a quickly-growing segment of the financial industry, with new products launching every day to meet investors' needs.",['ETF'],Simple,['Exchange-Traded Fund'],"The Exchange-Traded Fund market is a quickly-growing segment of the financial industry, with new products launching every day to meet investors' needs."
245,ETF issuers use derivative instruments to track the prices of the underlying assets and replicate their performance.,['ETF'],Simple,['Exchange-Traded Fund'],Exchange-Traded Fund issuers use derivative instruments to track the prices of the underlying assets and replicate their performance.
247,Financing for M&A deals is becoming increasingly important in order to reach targeted goals.,['M&A'],Simple,['Mergers and Acquisitions'],Financing for Mergers and Acquisitions deals is becoming increasingly important in order to reach targeted goals.
248,M&A’s have become increasingly instrumental in consolidating the telecommunications industry.,['M&A'],Simple,['Mergers and Acquisitions'],Mergers and Acquisitions’s have become increasingly instrumental in consolidating the telecommunications industry.
249,Large mergers involving mature companies have become a common phenomenon in global markets due to M&A activity.,['M&A'],Simple,['Mergers and Acquisitions'],Large mergers involving mature companies have become a common phenomenon in global markets due to Mergers and Acquisitions activity.
250,Technology and media companies are investing heavily in M&A activity to remain competitive in the market.,['M&A'],Simple,['Mergers and Acquisitions'],Technology and media companies are investing heavily in Mergers and Acquisitions activity to remain competitive in the market.
251,The NAV of the mutual fund is expected to rise in the coming quarter.,['NAV'],Simple,['Net Asset Value'],The Net Asset Value of the mutual fund is expected to rise in the coming quarter.
252,The company earned a 2.5% return on NAV.,['NAV'],Simple,['Net Asset Value'],The company earned a 2.5% return on Net Asset Value.
253,Brokers advise their clients to regularly analyze the NAV of their investments.,['NAV'],Simple,['Net Asset Value'],Brokers advise their clients to regularly analyze the Net Asset Value of their investments.
254,Investors should track the NAV of their funds frequently to maximize returns.,['NAV'],Simple,['Net Asset Value'],Investors should track the Net Asset Value of their funds frequently to maximize returns.
255,We're now seeing an upward trend in the P/E ratio of these stocks.,['P/E'],Simple,['Price-to-Earnings Ratio'],We're now seeing an upward trend in the Price-to-Earnings Ratio ratio of these stocks.
256,The investors are assessing the P/E ratio of the firm before purchasing the stocks.,['P/E'],Simple,['Price-to-Earnings Ratio'],The investors are assessing the Price-to-Earnings Ratio ratio of the firm before purchasing the stocks.
257,Evaluation of the P/E ratio is an important part of the industry analysis.,['P/E'],Simple,['Price-to-Earnings Ratio'],Evaluation of the Price-to-Earnings Ratio ratio is an important part of the industry analysis.
258,The P/E ratio of these stocks have gone up after their quarterly results.,['P/E'],Simple,['Price-to-Earnings Ratio'],The Price-to-Earnings Ratio ratio of these stocks have gone up after their quarterly results.
259,The introduction of VAT has led to a significant decrease in the taxable income of many companies.,['VAT'],Simple,['Value Added Tax'],The introduction of Value Added Tax has led to a significant decrease in the taxable income of many companies.
260,Many businesses are required to file a VAT return each tax period to declare all relevant transactions involving VAT.,['VAT'],Simple,['Value Added Tax'],Many businesses are required to file a Value Added Tax return each tax period to declare all relevant transactions involving Value Added Tax.
261,Investment decisions can be greatly impacted by changes to the existing legislation on VAT.,['VAT'],Simple,['Value Added Tax'],Investment decisions can be greatly impacted by changes to the existing legislation on Value Added Tax.
262,The accountants of our company are responsible for ensuring that all transactions involving VAT are properly recorded for tax purposes.,['VAT'],Simple,['Value Added Tax'],The accountants of our company are responsible for ensuring that all transactions involving Value Added Tax are properly recorded for tax purposes.
263,The Weighted Average Cost of Capital (WACC) is a tool to measure a company's return compared to its investment.,['WACC'],Simple,['Weighted Average Cost of Capital'],The Weighted Average Cost of Capital (Weighted Average Cost of Capital) is a tool to measure a company's return compared to its investment.
264,The WACC is an important factor for investors as it allows them to predict what rate of return they can expect from a particular investment.,['WACC'],Simple,['Weighted Average Cost of Capital'],The Weighted Average Cost of Capital is an important factor for investors as it allows them to predict what rate of return they can expect from a particular investment.
265,It is essential that businesses accurately calculate WACC in order to establish an appropriate cost of capital when considering different capital projects.,['WACC'],Simple,['Weighted Average Cost of Capital'],It is essential that businesses accurately calculate Weighted Average Cost of Capital in order to establish an appropriate cost of capital when considering different capital projects.
266,The rate of return that companies require to justify investing in a project is partially determined by the WACC.,['WACC'],Simple,['Weighted Average Cost of Capital'],The rate of return that companies require to justify investing in a project is partially determined by the Weighted Average Cost of Capital.
267,YOY revenue growth for our financial firm dropped 1% in Q2 of 2020.,['YOY'],Simple,['Year Over Year'],Year Over Year revenue growth for our financial firm dropped 1% in Q2 of 2020.
268,Analyzing the YOY changes in equity prices shed light on where the market is headed.,['YOY'],Simple,['Year Over Year'],Analyzing the Year Over Year changes in equity prices shed light on where the market is headed.
269,The YOY performance of the tech sector has outpaced all other markets this year.,['YOY'],Simple,['Year Over Year'],The Year Over Year performance of the tech sector has outpaced all other markets this year.
271,Our clients are particularly interested in YOY changes in bond yields.,['YOY'],Simple,['Year Over Year'],Our clients are particularly interested in Year Over Year changes in bond yields.
272,"The FOMC meets eight times a year to assess the economic outlook and to decide whether to raise, lower, or leave unchanged the interest rates.",['FOMC'],Simple,['Federal Open Market Committee'],"The Federal Open Market Committee meets eight times a year to assess the economic outlook and to decide whether to raise, lower, or leave unchanged the interest rates."
273,The FOMC approved a modest quarter-percentage-point cut in the target range of the federal funds rate.,['FOMC'],Simple,['Federal Open Market Committee'],The Federal Open Market Committee approved a modest quarter-percentage-point cut in the target range of the federal funds rate.
274,The FOMC's minutes provide a more detailed account of the central bank's decisions than the statements it typically releases after its meetings.,['FOMC'],Simple,['Federal Open Market Committee'],The Federal Open Market Committee's minutes provide a more detailed account of the central bank's decisions than the statements it typically releases after its meetings.
275,The SEC revised the corporate finance disclosure rules to prevent fraud.,['SEC'],Simple,['Securities and Exchange Commission'],The Securities and Exchange Commission revised the corporate finance disclosure rules to prevent fraud.
276,Several prominent companies are being investigated by the SEC for potential insider trading.,['SEC'],Simple,['Securities and Exchange Commission'],Several prominent companies are being investigated by the Securities and Exchange Commission for potential insider trading.
277,The SEC launched a new online tool to help investors assess the risks of their portfolio investments.,['SEC'],Simple,['Securities and Exchange Commission'],The Securities and Exchange Commission launched a new online tool to help investors assess the risks of their portfolio investments.
278,A group of securities analysts are working closely with the SEC to analyze the impact of recent stock market volatility.,['SEC'],Simple,['Securities and Exchange Commission'],A group of securities analysts are working closely with the Securities and Exchange Commission to analyze the impact of recent stock market volatility.
283,A good SEO strategy is imperative for improving visibility and organic search traffic.,['SEO'],Simple,['Search Engine Optimization'],A good Search Engine Optimization strategy is imperative for improving visibility and organic search traffic.
284,SEO is an invaluable component of any digital marketing strategy.,['SEO'],Simple,['Search Engine Optimization'],Search Engine Optimization is an invaluable component of any digital marketing strategy.
285,Our team of experts can help you develop an effective SEO plan to boost your rankings.,['SEO'],Simple,['Search Engine Optimization'],Our team of experts can help you develop an effective Search Engine Optimization plan to boost your rankings.
286,Writing content with targeted keywords can help improve your site's SEO.,['SEO'],Simple,['Search Engine Optimization'],Writing content with targeted keywords can help improve your site's Search Engine Optimization.
287,The SEM team found that increasing their website traffic by 8% led to a substantial increase in sales.,['SEM'],Simple,['Search Engine Marketing'],The Search Engine Marketing team found that increasing their website traffic by 8% led to a substantial increase in sales.
288,Our SEM strategy focuses on both organic and inorganic search traffic to drive conversions.,['SEM'],Simple,['Search Engine Marketing'],Our Search Engine Marketing strategy focuses on both organic and inorganic search traffic to drive conversions.
289,We have implemented competitor analysis to leverage against their SEM strategies effectively.,['SEM'],Simple,['Search Engine Marketing'],We have implemented competitor analysis to leverage against their Search Engine Marketing strategies effectively.
290,"Recently, the SEM campaign has helped to capture more of the target market.",['SEM'],Simple,['Search Engine Marketing'],"Recently, the Search Engine Marketing campaign has helped to capture more of the target market."
298,CTR has become a vital metric for analytics practitioners and marketers to track the effectiveness of their campaigns.,['CTR'],Simple,['Click-Through Rate'],Click-Through Rate has become a vital metric for analytics practitioners and marketers to track the effectiveness of their campaigns.
299,Our CTR has increased almost 30% since implementing the new marketing strategy.,['CTR'],Simple,['Click-Through Rate'],Our Click-Through Rate has increased almost 30% since implementing the new marketing strategy.
301,CTR is an important factor to consider when optimizing display ads for maximum reach.,['CTR'],Simple,['Click-Through Rate'],Click-Through Rate is an important factor to consider when optimizing display ads for maximum reach.
306,Our B2B marketing strategy has helped us to increase our sales by 20%.,['B2B'],Simple,['Business-to-Business'],Our Business-to-Business marketing strategy has helped us to increase our sales by 20%.
307,Our marketing team is focusing on creating content to engage customers through different B2B channels.,['B2B'],Simple,['Business-to-Business'],Our marketing team is focusing on creating content to engage customers through different Business-to-Business channels.
308,"In order to facilitate B2B sales, we are investing in professional networking platforms.",['B2B'],Simple,['Business-to-Business'],"In order to facilitate Business-to-Business sales, we are investing in professional networking platforms."
309,We have invested heavily in social media campaigns to generate leads for our B2B customers.,['B2B'],Simple,['Business-to-Business'],We have invested heavily in social media campaigns to generate leads for our Business-to-Business customers.
311,Leveraging insights from B2C campaigns can help inform strategies for engaging more customers.,['B2C'],Simple,['Business-to-Consumer'],Leveraging insights from Business-to-Consumer campaigns can help inform strategies for engaging more customers.
312,Many B2C companies use customer segmentation to better target their messaging.,['B2C'],Simple,['Business-to-Consumer'],Many Business-to-Consumer companies use customer segmentation to better target their messaging.
313,"By leveraging digital marketing strategies, B2C companies can drastically improve their customer acquisition rates and customer retention.",['B2C'],Simple,['Business-to-Consumer'],"By leveraging digital marketing strategies, Business-to-Consumer companies can drastically improve their customer acquisition rates and customer retention."
314,B2C companies need to continually test their marketing techniques to make sure they are reaching the right segments and driving better outcomes.,['B2C'],Simple,['Business-to-Consumer'],Business-to-Consumer companies need to continually test their marketing techniques to make sure they are reaching the right segments and driving better outcomes.
315,UGC is an essential part of the marketing mix as it helps to drive consumer engagement.,['UGC'],Simple,['User-Generated Content'],User-Generated Content is an essential part of the marketing mix as it helps to drive consumer engagement.
316,"To leverage UGC, marketers must encourage their customers to contribute content.",['UGC'],Simple,['User-Generated Content'],"To leverage User-Generated Content, marketers must encourage their customers to contribute content."
317,The quality and volume of UGC can be used to measure a campaign's success and gain customer insight.,['UGC'],Simple,['User-Generated Content'],The quality and volume of User-Generated Content can be used to measure a campaign's success and gain customer insight.
318,UGC can be used effectively in content marketing campaigns to increase brand visibility.,['UGC'],Simple,['User-Generated Content'],User-Generated Content can be used effectively in content marketing campaigns to increase brand visibility.
319,Visual UGC such as images and videos can be used across multiple channels to amplify campaigns.,['UGC'],Simple,['User-Generated Content'],Visual User-Generated Content such as images and videos can be used across multiple channels to amplify campaigns.
329,CPC is an important metric to analyze when analyzing marketing campaigns.,['CPC'],Simple,['Cost Per Click'],Cost Per Click is an important metric to analyze when analyzing marketing campaigns.
330,CPC costs can be reduced by improving the effectiveness of keyword targeting.,['CPC'],Simple,['Cost Per Click'],Cost Per Click costs can be reduced by improving the effectiveness of keyword targeting.
331,CPC is the most important factor when deciding which platform to advertise on.,['CPC'],Simple,['Cost Per Click'],Cost Per Click is the most important factor when deciding which platform to advertise on.
332,Optimizing landing pages for CPC campaigns can drive better results.,['CPC'],Simple,['Cost Per Click'],Optimizing landing pages for Cost Per Click campaigns can drive better results.
338,The latest CMS version provides powerful tools to customize the marketing campaigns.,['CMS'],Simple,['Content Management System'],The latest Content Management System version provides powerful tools to customize the marketing campaigns.
339,Utilizing a CMS to automate marketing tasks helps companies save time and resources.,['CMS'],Simple,['Content Management System'],Utilizing a Content Management System to automate marketing tasks helps companies save time and resources.
350,Our SMM strategies have been driving up engagement and boosting our overall marketing efforts.,['SMM'],Simple,['Social Media Marketing'],Our Social Media Marketing strategies have been driving up engagement and boosting our overall marketing efforts.
351,We are developing targeted content to engage users and optimize for maximum reach across our SMM platforms.,['SMM'],Simple,['Social Media Marketing'],We are developing targeted content to engage users and optimize for maximum reach across our Social Media Marketing platforms.
353,Our SMM specialists have overseen a huge increase in brand awareness and website traffic.,['SMM'],Simple,['Social Media Marketing'],Our Social Media Marketing specialists have overseen a huge increase in brand awareness and website traffic.
359,We can gain a competitive advantage if we ensure our UX stands out to our customers.,['UX'],Simple,['User Experience'],We can gain a competitive advantage if we ensure our User Experience stands out to our customers.
360,The customer journey should be carefully designed to maximize UX.,['UX'],Simple,['User Experience'],The customer journey should be carefully designed to maximize User Experience.
361,Our UX should be aligned with our branding and marketing strategies.,['UX'],Simple,['User Experience'],Our User Experience should be aligned with our branding and marketing strategies.
362,We should sequences our marketing campaigns to create a holistic UX.,['UX'],Simple,['User Experience'],We should sequences our marketing campaigns to create a holistic User Experience.
363,Our marketing team is excited to leverage the newly designed UI to optimize our customer journey.,['UI'],Simple,['User Interface'],Our marketing team is excited to leverage the newly designed User Interface to optimize our customer journey.
364,A comprehensive UI has been developed to provide our marketing team with more efficient access to efficiently create campaigns.,['UI'],Simple,['User Interface'],A comprehensive User Interface has been developed to provide our marketing team with more efficient access to efficiently create campaigns.
365,Prototyping for the new UI is underway to ensure maximum optimization of the marketing user experience.,['UI'],Simple,['User Interface'],Prototyping for the new User Interface is underway to ensure maximum optimization of the marketing user experience.
366,The UI of our customer-facing marketing tool has been tested and adjusted to improved usability and effectiveness.,['UI'],Simple,['User Interface'],The User Interface of our customer-facing marketing tool has been tested and adjusted to improved usability and effectiveness.
367,We are planning to use BR to reach a larger market segment.,['BR'],Simple,['Bounce Rate'],We are planning to use Bounce Rate to reach a larger market segment.
368,Our key growth strategy is to leverage BR to enhance customer experience.,['BR'],Simple,['Bounce Rate'],Our key growth strategy is to leverage Bounce Rate to enhance customer experience.
369,We are aiming to establish a strong BR-driven loyalty program with rewards.,['BR'],Simple,['Bounce Rate'],We are aiming to establish a strong Bounce Rate-driven loyalty program with rewards.
370,Our research team is exploring ways to utilize BR technology to reduce cost and time to market.,['BR'],Simple,['Bounce Rate'],Our research team is exploring ways to utilize Bounce Rate technology to reduce cost and time to market.
371,We are leveraging BR to create an innovative mobile app for customers to engage with our brand.,['BR'],Simple,['Bounce Rate'],We are leveraging Bounce Rate to create an innovative mobile app for customers to engage with our brand.
372,Our CRO efforts have led to an increase in leads and conversions.,['CRO'],Simple,['Conversion Rate Optimization'],Our Conversion Rate Optimization efforts have led to an increase in leads and conversions.
373,"Based on our analytics, we've been able to substantially improve our website's CRO.",['CRO'],Simple,['Conversion Rate Optimization'],"Based on our analytics, we've been able to substantially improve our website's Conversion Rate Optimization."
376,Our marketing team leverages CRO to optimize our webpage design and content.,['CRO'],Simple,['Conversion Rate Optimization'],Our marketing team leverages Conversion Rate Optimization to optimize our webpage design and content.
377,The CRO team is actively monitoring user data to determine what is and isn't working.,['CRO'],Simple,['Conversion Rate Optimization'],The Conversion Rate Optimization team is actively monitoring user data to determine what is and isn't working.
378,Our goal is to identify and implement new approaches to CRO that drive customer engagement and conversions.,['CRO'],Simple,['Conversion Rate Optimization'],Our goal is to identify and implement new approaches to Conversion Rate Optimization that drive customer engagement and conversions.
379,Companies need to focus on increasing their CLV to increase their profitability.,['CLV'],Simple,['Customer Lifetime Value'],Companies need to focus on increasing their Customer Lifetime Value to increase their profitability.
380,Loyal customers typically have a higher CLV than new customers.,['CLV'],Simple,['Customer Lifetime Value'],Loyal customers typically have a higher Customer Lifetime Value than new customers.
381,Marketers and businesses must seriously consider the CLV of each new customer as part of their overall marketing strategy.,['CLV'],Simple,['Customer Lifetime Value'],Marketers and businesses must seriously consider the Customer Lifetime Value of each new customer as part of their overall marketing strategy.
382,We should work towards creating a unique customer experience to boost CLV.,['CLV'],Simple,['Customer Lifetime Value'],We should work towards creating a unique customer experience to boost Customer Lifetime Value.
383,"By incorporating loyalty programs, companies can improve the CLV for high-value customers.",['CLV'],Simple,['Customer Lifetime Value'],"By incorporating loyalty programs, companies can improve the Customer Lifetime Value for high-value customers."
384,The long-term healthy growth of a business hinges upon a high CLV.,['CLV'],Simple,['Customer Lifetime Value'],The long-term healthy growth of a business hinges upon a high Customer Lifetime Value.
385,Businesses must consider the effect of marketing promotions on the average CLV.,['CLV'],Simple,['Customer Lifetime Value'],Businesses must consider the effect of marketing promotions on the average Customer Lifetime Value.
386,The CAC ratio for this week's marketing campaign was quite impressive.,['CAC'],Simple,['Customer Acquisition Cost'],The Customer Acquisition Cost ratio for this week's marketing campaign was quite impressive.
387,We should definitely try and reduce our CAC by running more cost-effective campaigns.,['CAC'],Simple,['Customer Acquisition Cost'],We should definitely try and reduce our Customer Acquisition Cost by running more cost-effective campaigns.
388,We should leverage the potential of CAC to identify new channels for online advertising.,['CAC'],Simple,['Customer Acquisition Cost'],We should leverage the potential of Customer Acquisition Cost to identify new channels for online advertising.
389,Our CAC has seen a steady rise since we started using more targeted marketing strategy.,['CAC'],Simple,['Customer Acquisition Cost'],Our Customer Acquisition Cost has seen a steady rise since we started using more targeted marketing strategy.
390,"To increase our CAC, we must improve our lead generation strategies and targeting.",['CAC'],Simple,['Customer Acquisition Cost'],"To increase our Customer Acquisition Cost, we must improve our lead generation strategies and targeting."
391,We should increase our CAC to cover costs as well as generate profits from our marketing.,['CAC'],Simple,['Customer Acquisition Cost'],We should increase our Customer Acquisition Cost to cover costs as well as generate profits from our marketing.
392,"To better understand the performance of our marketing campaign, we should look at our CAC.",['CAC'],Simple,['Customer Acquisition Cost'],"To better understand the performance of our marketing campaign, we should look at our Customer Acquisition Cost."
407,RSS provides an efficient way to keep up with the latest marketing trends.,['RSS'],Simple,['Really Simple Syndication'],Really Simple Syndication provides an efficient way to keep up with the latest marketing trends.
408,The company implemented an RSS feed to inform its customers about the latest marketing campaign.,['RSS'],Simple,['Really Simple Syndication'],The company implemented an Really Simple Syndication feed to inform its customers about the latest marketing campaign.
409,We utilized a custom RSS feed to alert our audience about any new marketing endeavours.,['RSS'],Simple,['Really Simple Syndication'],We utilized a custom Really Simple Syndication feed to alert our audience about any new marketing endeavours.
410,Our goal is to increase website engagement through the use of RSS syndication.,['RSS'],Simple,['Really Simple Syndication'],Our goal is to increase website engagement through the use of Really Simple Syndication syndication.
411,Leveraging RSS for content distribution has allowed us to reach a larger number of potential customers.,['RSS'],Simple,['Really Simple Syndication'],Leveraging Really Simple Syndication for content distribution has allowed us to reach a larger number of potential customers.
412,Our marketing efforts have been enhanced by using RSS to efficiently deliver timely updates to our subscribers.,['RSS'],Simple,['Really Simple Syndication'],Our marketing efforts have been enhanced by using Really Simple Syndication to efficiently deliver timely updates to our subscribers.
413,"By using RSS-enabled services, we have been able to optimize our marketing strategy across multiple platforms.",['RSS'],Simple,['Really Simple Syndication'],"By using Really Simple Syndication-enabled services, we have been able to optimize our marketing strategy across multiple platforms."
414,A comprehensive SWOT analysis is essential for any successful marketing strategy.,['SWOT'],Simple,"['Strengths, Weaknesses, Opportunities, Threats']","A comprehensive Strengths, Weaknesses, Opportunities, Threats analysis is essential for any successful marketing strategy."
415,Incorporating SWOT will provide useful insights into potential marketing opportunities and challenges faced by the company.,['SWOT'],Simple,"['Strengths, Weaknesses, Opportunities, Threats']","Incorporating Strengths, Weaknesses, Opportunities, Threats will provide useful insights into potential marketing opportunities and challenges faced by the company."
416,"To stay ahead of the competition, the marketing team must run a SWOT every quarter.",['SWOT'],Simple,"['Strengths, Weaknesses, Opportunities, Threats']","To stay ahead of the competition, the marketing team must run a Strengths, Weaknesses, Opportunities, Threats every quarter."
417,Running a SWOT analysis helps marketers to identify the potential threats and weaknesses of a particular marketing decision.,['SWOT'],Simple,"['Strengths, Weaknesses, Opportunities, Threats']","Running a Strengths, Weaknesses, Opportunities, Threats analysis helps marketers to identify the potential threats and weaknesses of a particular marketing decision."
418,The marketing team should use SWOT to identify the potential strengths and weaknesses of available resources.,['SWOT'],Simple,"['Strengths, Weaknesses, Opportunities, Threats']","The marketing team should use Strengths, Weaknesses, Opportunities, Threats to identify the potential strengths and weaknesses of available resources."
419,SWOT is a useful tool to define the promotional objectives that should be tried and measured for the effectiveness of a marketing strategy.,['SWOT'],Simple,"['Strengths, Weaknesses, Opportunities, Threats']","Strengths, Weaknesses, Opportunities, Threats is a useful tool to define the promotional objectives that should be tried and measured for the effectiveness of a marketing strategy."
420,Leveraging the power of the SWOT framework yields useful feedback to inform future marketing practices.,['SWOT'],Simple,"['Strengths, Weaknesses, Opportunities, Threats']","Leveraging the power of the Strengths, Weaknesses, Opportunities, Threats framework yields useful feedback to inform future marketing practices."
421,Knowing our USP is the first step to effectively leveraging our marketing strategy.,['USP'],Simple,['Unique Selling Proposition'],Knowing our Unique Selling Proposition is the first step to effectively leveraging our marketing strategy.
422,The USP of our product is to always ensure that the customer's needs are put first.,['USP'],Simple,['Unique Selling Proposition'],The Unique Selling Proposition of our product is to always ensure that the customer's needs are put first.
423,Our USP is to deliver innovative solutions that help our customers succeed.,['USP'],Simple,['Unique Selling Proposition'],Our Unique Selling Proposition is to deliver innovative solutions that help our customers succeed.
424,Our USP allows us to target a wider customer base and maximize our return on investment.,['USP'],Simple,['Unique Selling Proposition'],Our Unique Selling Proposition allows us to target a wider customer base and maximize our return on investment.
425,Our USP is that we offer superior customer service and support in every aspect of our product.,['USP'],Simple,['Unique Selling Proposition'],Our Unique Selling Proposition is that we offer superior customer service and support in every aspect of our product.
426,"By leveraging our USP, we are able to differentiate ourselves from our competitors in the market.",['USP'],Simple,['Unique Selling Proposition'],"By leveraging our Unique Selling Proposition, we are able to differentiate ourselves from our competitors in the market."
427,Our USP is to provide outstanding value for money coupled with reliable quality products.,['USP'],Simple,['Unique Selling Proposition'],Our Unique Selling Proposition is to provide outstanding value for money coupled with reliable quality products.
428,VOD offers an efficient way to reach new customers with our product marketing strategies.,['VOD'],Simple,['Video on Demand'],Video on Demand offers an efficient way to reach new customers with our product marketing strategies.
429,Our most recent marketing campaign for VOD has been incredibly successful.,['VOD'],Simple,['Video on Demand'],Our most recent marketing campaign for Video on Demand has been incredibly successful.
430,We have invested heavily in creating high-quality content for VOD platforms.,['VOD'],Simple,['Video on Demand'],We have invested heavily in creating high-quality content for Video on Demand platforms.
431,"For marketers, VOD is a great way to engage new audiences with personalised experiences.",['VOD'],Simple,['Video on Demand'],"For marketers, Video on Demand is a great way to engage new audiences with personalised experiences."
432,We need to ensure that our VOD campaigns are optimised for current platforms.,['VOD'],Simple,['Video on Demand'],We need to ensure that our Video on Demand campaigns are optimised for current platforms.
433,Our research suggests that VOD advertising will be a major trend in the future.,['VOD'],Simple,['Video on Demand'],Our research suggests that Video on Demand advertising will be a major trend in the future.
434,VOD provides an excellent opportunity for marketers to target specific audiences with data-driven campaigns.,['VOD'],Simple,['Video on Demand'],Video on Demand provides an excellent opportunity for marketers to target specific audiences with data-driven campaigns.
435,"Our new marketing API enables us to reach across different channels, allowing customers to engage in a personalized way.",['API'],Simple,['Application Programming Interface'],"Our new marketing Application Programming Interface enables us to reach across different channels, allowing customers to engage in a personalized way."
436,"Leveraging our cutting-edge API technology, our marketing team is able to track customer journey in real-time.",['API'],Simple,['Application Programming Interface'],"Leveraging our cutting-edge Application Programming Interface technology, our marketing team is able to track customer journey in real-time."
437,Our API platform enables marketers to control large volumes of customer data and create targeted campaigns.,['API'],Simple,['Application Programming Interface'],Our Application Programming Interface platform enables marketers to control large volumes of customer data and create targeted campaigns.
438,"Our API streamlines the automation of marketing operations, optimizing the efficiency and effectiveness in campaigns.",['API'],Simple,['Application Programming Interface'],"Our Application Programming Interface streamlines the automation of marketing operations, optimizing the efficiency and effectiveness in campaigns."
439,"By integrating our API into your existing environment, our marketing solution allows you to customize complex data requests.",['API'],Simple,['Application Programming Interface'],"By integrating our Application Programming Interface into your existing environment, our marketing solution allows you to customize complex data requests."
440,Our API improves customer segmentation to help marketers identify personalized content for each customer's journey.,['API'],Simple,['Application Programming Interface'],Our Application Programming Interface improves customer segmentation to help marketers identify personalized content for each customer's journey.
532,We are striving to increase public awareness of the HR initiatives we plan to roll out this summer.,['HR'],Simple,['Human Resources'],We are striving to increase public awareness of the Human Resources initiatives we plan to roll out this summer.
565,All SLA requirements must be fulfilled in order for Human Resources to be compliant with labor laws.,['SLA'],Simple,['Service Level Agreement'],All Service Level Agreement requirements must be fulfilled in order for Human Resources to be compliant with labor laws.
567,We have to ensure all SLA standards are met.,['SLA'],Simple,['Service Level Agreement'],We have to ensure all Service Level Agreement standards are met.
